Source,Target,Weight
ASV_93649,ASV_99896,-0.906944019
ASV_66374,ASV_99896,-0.921380208
ASV_240097,ASV_99896,-0.570035505
ASV_22847,ASV_99896,-0.969530586
ASV_54496,ASV_98676,-0.8921825
ASV_161138,ASV_97714,-0.943257819
ASV_17313,ASV_97579,-0.852042692
ASV_145176,ASV_96454,-0.921356
ASV_42852,ASV_96432,-0.955417061
ASV_199464,ASV_96432,-0.914937082
ASV_230433,ASV_94341,-0.906107841
ASV_201526,ASV_94049,-0.915189165
ASV_80122,ASV_93649,-0.970543633
ASV_227839,ASV_93649,-0.24844821
ASV_193579,ASV_93649,-0.903431977
ASV_163361,ASV_93649,-0.526128004
ASV_127515,ASV_93649,-0.953067921
ASV_227839,ASV_93109,-0.793202657
ASV_203094,ASV_93109,-0.786365862
ASV_182560,ASV_93109,-0.940075436
ASV_154458,ASV_93109,-0.041369619
ASV_137991,ASV_93109,-0.960588334
ASV_129568,ASV_93109,-0.076197332
ASV_117829,ASV_93109,-0.245861875
ASV_93757,ASV_9304,-0.847107756
ASV_191482,ASV_9304,-0.9072745
ASV_177177,ASV_9304,-0.405079001
ASV_111388,ASV_9304,-0.730473755
ASV_96432,ASV_9294,-0.469416769
ASV_230614,ASV_9294,-0.867928734
ASV_193135,ASV_9294,-0.860851238
ASV_66201,ASV_91995,-0.950715592
ASV_224222,ASV_91995,-0.8927195
ASV_161793,ASV_91995,-0.164909477
ASV_26664,ASV_91593,-0.614408616
ASV_223563,ASV_91593,-0.940761158
ASV_144605,ASV_91593,-0.94948623
ASV_93649,ASV_91539,-0.98960762
ASV_8101,ASV_91539,-0.96574105
ASV_66374,ASV_91539,-0.189198557
ASV_54817,ASV_91539,-0.943586176
ASV_54044,ASV_91539,-0.873587653
ASV_32788,ASV_91539,-0.948485601
ASV_206717,ASV_91539,-0.180138994
ASV_136795,ASV_91539,-0.823744811
ASV_134680,ASV_91539,-0.945039379
ASV_126082,ASV_91539,-0.891197576
ASV_37003,ASV_91097,-0.887857
ASV_157804,ASV_91097,-0.954041095
ASV_99210,ASV_90455,-0.891603
ASV_97579,ASV_90455,-0.899893535
ASV_134812,ASV_90455,-0.461889138
ASV_225252,ASV_89507,-0.85653112
ASV_193579,ASV_89507,-0.985135536
ASV_182560,ASV_89507,-0.505424973
ASV_242302,ASV_88898,-0.895561953
ASV_143575,ASV_88743,-0.749442107
ASV_82134,ASV_87592,-0.924041807
ASV_181331,ASV_86135,-0.238024934
ASV_127491,ASV_86135,-0.96079382
ASV_8399,ASV_86007,-0.676686607
ASV_33160,ASV_85755,-0.89219087
ASV_161355,ASV_85755,-0.867065823
ASV_14131,ASV_85755,-0.942518816
ASV_51728,ASV_85130,-0.61437059
ASV_114788,ASV_85130,-0.980700479
ASV_112967,ASV_85130,-0.841152549
ASV_49853,ASV_84095,-0.898242481
ASV_39919,ASV_84095,-0.880053382
ASV_22847,ASV_84095,-0.962714014
ASV_13023,ASV_84095,-0.977046077
ASV_57249,ASV_82134,-0.933016176
ASV_214896,ASV_82134,-0.653824542
ASV_173541,ASV_82134,-0.899751991
ASV_240097,ASV_8126,-0.955050521
ASV_22847,ASV_8126,-0.394918774
ASV_127491,ASV_8126,-0.784189847
ASV_124455,ASV_8126,-0.947858243
ASV_80122,ASV_8101,-0.652763033
ASV_79628,ASV_8101,-0.921685178
ASV_52455,ASV_8048,-0.8976395
ASV_164369,ASV_8048,-0.883469
ASV_125228,ASV_8048,-0.8867555
ASV_223618,ASV_80259,-0.542931998
ASV_17589,ASV_79904,-0.8889645
ASV_111388,ASV_79628,-0.144512525
ASV_193579,ASV_79623,-0.275324992
ASV_57659,ASV_78506,-0.807670594
ASV_246884,ASV_78506,-0.587832906
ASV_205669,ASV_78506,-0.943040079
ASV_193165,ASV_78506,-0.85277345
ASV_141802,ASV_78506,-0.811858459
ASV_210124,ASV_78321,-0.8888065
ASV_57659,ASV_7552,-0.761300236
ASV_47217,ASV_7552,-0.657314862
ASV_224411,ASV_7552,-0.926712984
ASV_210547,ASV_7552,-0.074211369
ASV_190052,ASV_7552,-0.506584302
ASV_81114,ASV_75478,-0.88790312
ASV_205264,ASV_7524,-0.822960674
ASV_177448,ASV_74982,-0.795758383
ASV_62396,ASV_74489,-0.978871418
ASV_114788,ASV_74421,-0.900697918
ASV_64213,ASV_74097,-0.884463917
ASV_42096,ASV_73820,-0.821717872
ASV_26664,ASV_73820,-0.821195114
ASV_199086,ASV_73820,-0.803312861
ASV_15999,ASV_7375,-0.84180516
ASV_158813,ASV_7375,-0.9328075
ASV_98509,ASV_73594,-0.964777739
ASV_57488,ASV_73594,-0.668861738
ASV_209932,ASV_73594,-0.860951871
ASV_190052,ASV_73594,-0.547067606
ASV_60973,ASV_73561,-0.908095145
ASV_176607,ASV_73561,-0.982272246
ASV_13965,ASV_73561,-0.849320718
ASV_134592,ASV_73561,-0.9209005
ASV_22706,ASV_73515,-0.850252806
ASV_116464,ASV_73515,-0.877137
ASV_2876,ASV_73188,-0.654591708
ASV_235406,ASV_72610,-0.714306096
ASV_75478,ASV_72528,-0.851181144
ASV_42852,ASV_72528,-0.825667308
ASV_185670,ASV_72528,-0.913528252
ASV_46786,ASV_70106,-0.457111214
ASV_16254,ASV_70106,-0.867407057
ASV_72528,ASV_69452,-0.888114709
ASV_4912,ASV_68768,-0.851661975
ASV_173802,ASV_68768,-0.919043476
ASV_144624,ASV_68768,-0.950579473
ASV_122305,ASV_68768,-0.879904734
ASV_51728,ASV_66579,-0.746324659
ASV_17484,ASV_66579,-0.679730623
ASV_114788,ASV_66579,-0.716333296
ASV_80122,ASV_66374,-0.18052232
ASV_203094,ASV_66374,-0.825061775
ASV_182560,ASV_66374,-0.373778299
ASV_127515,ASV_66374,-0.523708868
ASV_121822,ASV_66374,-0.947415113
ASV_193579,ASV_66201,-0.797889238
ASV_193135,ASV_66201,-0.825251396
ASV_59589,ASV_6596,-0.892811709
ASV_32596,ASV_6596,-0.81656404
ASV_25946,ASV_6596,-0.518798616
ASV_250473,ASV_6596,-0.916493408
ASV_178618,ASV_6596,-0.837155927
ASV_148210,ASV_6596,-0.958563325
ASV_112686,ASV_6596,-0.679758808
ASV_49853,ASV_65178,-0.630459504
ASV_39919,ASV_65178,-0.78602434
ASV_250071,ASV_65178,-0.897582373
ASV_245242,ASV_65178,-0.75095532
ASV_238496,ASV_65178,-0.960284428
ASV_179333,ASV_65178,-0.949494163
ASV_13023,ASV_65178,-0.899072646
ASV_168501,ASV_64213,-0.623307465
ASV_2876,ASV_63965,-0.832162019
ASV_134812,ASV_63965,-0.791646168
ASV_42790,ASV_63724,-0.846928278
ASV_4174,ASV_63015,-0.9397285
ASV_33160,ASV_63015,-0.863302788
ASV_33050,ASV_63015,-0.818002696
ASV_20561,ASV_62533,-0.9184445
ASV_149186,ASV_62533,-0.601353718
ASV_119411,ASV_62533,-0.8787525
ASV_33616,ASV_62396,-0.937694682
ASV_84095,ASV_61840,-0.052155619
ASV_61366,ASV_61840,-0.979334835
ASV_4197,ASV_61840,-0.604865077
ASV_40276,ASV_61840,-0.555020215
ASV_31734,ASV_61840,-0.99361729
ASV_187146,ASV_61840,-0.565868417
ASV_185153,ASV_61840,-0.891296947
ASV_183808,ASV_61840,-0.874355509
ASV_144081,ASV_61840,-0.635269559
ASV_137991,ASV_61840,-0.327168391
ASV_129568,ASV_61840,-0.380220745
ASV_117829,ASV_61840,-0.972950823
ASV_115847,ASV_61840,-0.560798568
ASV_109746,ASV_61840,-0.572376983
ASV_86135,ASV_61422,-0.928111502
ASV_238401,ASV_61366,-0.410954844
ASV_13023,ASV_61366,-0.916118959
ASV_83131,ASV_61017,-0.9023695
ASV_66201,ASV_61017,-0.816841606
ASV_200240,ASV_61017,-0.545956357
ASV_161793,ASV_61017,-0.935301459
ASV_39728,ASV_60973,-0.928705733
ASV_192395,ASV_60973,-0.976975925
ASV_91241,ASV_59435,-0.940602527
ASV_171714,ASV_59435,-0.893637874
ASV_197594,ASV_58901,-0.846555555
ASV_16470,ASV_58901,-0.901724049
ASV_227072,ASV_58530,-0.816175947
ASV_251811,ASV_5832,-0.881595157
ASV_144503,ASV_5832,-0.938925915
ASV_99210,ASV_57659,-0.947984708
ASV_20561,ASV_57659,-0.930438884
ASV_164369,ASV_57659,-0.844557335
ASV_26664,ASV_570,-0.776063528
ASV_180623,ASV_570,-0.951920608
ASV_175494,ASV_570,-0.8919405
ASV_79628,ASV_56651,-0.889199602
ASV_240270,ASV_56,-0.94370584
ASV_177863,ASV_56,-0.969355343
ASV_130121,ASV_55923,-0.914836
ASV_245242,ASV_54867,-0.8941815
ASV_193579,ASV_54817,-0.969805104
ASV_121822,ASV_54817,-0.913801191
ASV_187700,ASV_54496,-0.8685322
ASV_18832,ASV_54413,-0.720298726
ASV_149764,ASV_54413,-0.956114443
ASV_187942,ASV_54167,-0.924245796
ASV_175842,ASV_54167,-0.873042988
ASV_79628,ASV_54044,-0.931010013
ASV_127515,ASV_54044,-0.915818278
ASV_177863,ASV_53978,-0.861816884
ASV_2876,ASV_53612,-0.990914374
ASV_59589,ASV_52455,-0.75647679
ASV_171714,ASV_52273,-0.887106431
ASV_53475,ASV_5128,-0.979883637
ASV_147508,ASV_5128,-0.877295755
ASV_187146,ASV_50189,-0.751146414
ASV_185153,ASV_50189,-0.845854271
ASV_173802,ASV_50090,-0.874142058
ASV_122305,ASV_50090,-0.749328773
ASV_61366,ASV_49853,-0.626816374
ASV_31734,ASV_49853,-0.166704867
ASV_147508,ASV_49853,-0.880360145
ASV_129568,ASV_49853,-0.814177967
ASV_115847,ASV_49853,-0.815585369
ASV_232519,ASV_49844,-0.8945045
ASV_89091,ASV_4912,-0.930101888
ASV_252332,ASV_48335,-0.934170015
ASV_250980,ASV_48335,-0.883359
ASV_122539,ASV_48280,-0.96485745
ASV_74982,ASV_48274,-0.721498559
ASV_231932,ASV_4825,-0.88132006
ASV_134812,ASV_4825,-0.825606709
ASV_81263,ASV_47995,-0.869312734
ASV_17246,ASV_47995,-0.88647128
ASV_8101,ASV_47948,-0.33791214
ASV_141802,ASV_47948,-0.833960319
ASV_111388,ASV_47948,-0.852507697
ASV_99210,ASV_47217,-0.099181387
ASV_48123,ASV_47217,-0.901230498
ASV_227839,ASV_47217,-0.795389936
ASV_163361,ASV_47217,-0.027479135
ASV_154458,ASV_47217,-0.959321487
ASV_13437,ASV_47217,-0.954512393
ASV_203125,ASV_46786,-0.958371514
ASV_184605,ASV_45987,-0.8879205
ASV_160863,ASV_45987,-0.478504124
ASV_59435,ASV_45569,-0.620118533
ASV_54867,ASV_45569,-0.91365521
ASV_22706,ASV_45569,-0.859087198
ASV_168204,ASV_45569,-0.8955155
ASV_147508,ASV_45569,-0.752222568
ASV_8399,ASV_44612,-0.934851582
ASV_210076,ASV_43784,-0.96849143
ASV_209917,ASV_43784,-0.865572041
ASV_177448,ASV_43784,-0.8914595
ASV_91830,ASV_43658,-0.9301115
ASV_21458,ASV_43658,-0.9234425
ASV_202192,ASV_43658,-0.8756755
ASV_233136,ASV_43488,-0.875024
ASV_205264,ASV_43488,-0.876745
ASV_12539,ASV_43488,-0.9237115
ASV_213517,ASV_43135,-0.659969371
ASV_121822,ASV_43135,-0.248006451
ASV_121822,ASV_42898,-0.64333831
ASV_81114,ASV_42852,-0.940108143
ASV_6307,ASV_42852,-0.232031417
ASV_80392,ASV_42075,-0.9059245
ASV_74982,ASV_42075,-0.776705384
ASV_215550,ASV_4197,-0.925139095
ASV_79628,ASV_41858,-0.400641967
ASV_202946,ASV_41858,-0.906316958
ASV_196443,ASV_41858,-0.866683767
ASV_182560,ASV_41858,-0.826103072
ASV_229559,ASV_4174,-0.852210615
ASV_105307,ASV_4174,-0.501142249
ASV_94109,ASV_4100,-0.918419964
ASV_74982,ASV_4100,-0.821541195
ASV_144624,ASV_4100,-0.943352389
ASV_93109,ASV_40276,-0.87024926
ASV_181331,ASV_40276,-0.82571039
ASV_127491,ASV_40276,-0.826326239
ASV_104963,ASV_39919,-0.958626634
ASV_178618,ASV_39728,-0.876030852
ASV_182796,ASV_39648,-0.835649549
ASV_167334,ASV_39548,-0.756233285
ASV_231932,ASV_38259,-0.9061475
ASV_197728,ASV_38259,-0.92934294
ASV_197325,ASV_36702,-0.663986521
ASV_40276,ASV_36168,-0.915877825
ASV_197728,ASV_36168,-0.921170691
ASV_144624,ASV_36168,-0.6806148
ASV_230112,ASV_35610,-0.964336463
ASV_151663,ASV_35610,-0.698389376
ASV_118514,ASV_35610,-0.461074122
ASV_80122,ASV_34796,-0.516223269
ASV_6307,ASV_34796,-0.842969439
ASV_75478,ASV_34645,-0.655329156
ASV_229559,ASV_34645,-0.848308432
ASV_22707,ASV_34645,-0.838048526
ASV_64991,ASV_34534,-0.883553916
ASV_232519,ASV_34534,-0.918443673
ASV_205264,ASV_34534,-0.872758089
ASV_170913,ASV_33592,-0.778346047
ASV_61422,ASV_33369,-0.754239336
ASV_202127,ASV_33369,-0.507399248
ASV_181331,ASV_33369,-0.352036529
ASV_134680,ASV_33369,-0.926910684
ASV_30113,ASV_33160,-0.836610945
ASV_2037,ASV_33160,-0.815019373
ASV_2037,ASV_33050,-0.908838297
ASV_134709,ASV_33050,-0.604842441
ASV_233136,ASV_32932,-0.915956754
ASV_53978,ASV_32853,-0.795080075
ASV_233692,ASV_32853,-0.963991919
ASV_118634,ASV_32853,-0.62329752
ASV_77301,ASV_32815,-0.65983648
ASV_251811,ASV_32788,-0.450054573
ASV_227839,ASV_32788,-0.838215378
ASV_206167,ASV_32596,-0.549196218
ASV_202946,ASV_32308,-0.871058815
ASV_81114,ASV_32232,-0.663546131
ASV_11103,ASV_32232,-0.89998829
ASV_54668,ASV_31734,-0.47617042
ASV_238401,ASV_31734,-0.279000456
ASV_13023,ASV_31734,-0.211592977
ASV_129285,ASV_31632,-0.8969855
ASV_45614,ASV_30695,-0.786365847
ASV_26323,ASV_30695,-0.005468245
ASV_240097,ASV_30695,-0.935276869
ASV_211836,ASV_30695,-0.718535276
ASV_203890,ASV_30695,-0.961042326
ASV_133617,ASV_30695,-0.838338884
ASV_11545,ASV_30695,-0.872436968
ASV_199086,ASV_2908,-0.854217814
ASV_235406,ASV_29038,-0.954872667
ASV_149877,ASV_29038,-0.42997299
ASV_167553,ASV_2876,-0.878572637
ASV_193579,ASV_28053,-0.949350864
ASV_6596,ASV_27984,-0.801004258
ASV_214026,ASV_26664,-0.941685002
ASV_41112,ASV_26323,-0.774134278
ASV_251811,ASV_26323,-0.541503752
ASV_222924,ASV_25987,-0.9222745
ASV_197728,ASV_25946,-0.913009797
ASV_50189,ASV_25769,-0.846268324
ASV_28912,ASV_25769,-0.9357655
ASV_236812,ASV_25769,-0.220592441
ASV_112247,ASV_25769,-0.887809922
ASV_54668,ASV_25639,-0.864290783
ASV_150109,ASV_25639,-0.911592162
ASV_143551,ASV_25549,-0.134325933
ASV_61422,ASV_25493,-0.924666398
ASV_32932,ASV_25493,-0.887463
ASV_25946,ASV_25493,-0.8796095
ASV_180438,ASV_252279,-0.70764413
ASV_54496,ASV_25160,-0.921295182
ASV_60973,ASV_251585,-0.936926342
ASV_210547,ASV_251585,-0.584864279
ASV_199464,ASV_251585,-0.831551741
ASV_178271,ASV_251585,-0.963677109
ASV_167553,ASV_251585,-0.982613341
ASV_97579,ASV_250473,-0.718612645
ASV_134812,ASV_250473,-0.860687181
ASV_79623,ASV_248933,-0.922574539
ASV_44329,ASV_248933,-0.806004316
ASV_26323,ASV_248933,-0.913051037
ASV_240097,ASV_248933,-0.899972543
ASV_22847,ASV_248933,-0.772513555
ASV_194843,ASV_248933,-0.930589074
ASV_101652,ASV_248933,-0.874995617
ASV_99978,ASV_247206,-0.810599412
ASV_112247,ASV_247206,-0.798444796
ASV_39728,ASV_246884,-0.081280407
ASV_142924,ASV_246884,-0.759532277
ASV_11103,ASV_246884,-0.914888687
ASV_93649,ASV_246001,-0.59161592
ASV_66374,ASV_246001,-0.957858563
ASV_12715,ASV_246001,-0.674972197
ASV_126082,ASV_246001,-0.926052453
ASV_10470,ASV_246001,-0.868965091
ASV_26323,ASV_244883,-0.942215174
ASV_170621,ASV_244883,-0.876767
ASV_8848,ASV_242302,-0.950615988
ASV_6770,ASV_242302,-0.838401768
ASV_22894,ASV_242302,-0.870435664
ASV_108744,ASV_242302,-0.911530504
ASV_9294,ASV_24185,-0.867942599
ASV_41858,ASV_24185,-0.801329032
ASV_143855,ASV_24185,-0.452646507
ASV_133259,ASV_24185,-0.920917202
ASV_109497,ASV_24185,-0.950137371
ASV_189759,ASV_241389,-0.811891424
ASV_112967,ASV_241389,-0.492977768
ASV_225252,ASV_241078,-0.896158427
ASV_193579,ASV_241078,-0.188740961
ASV_7432,ASV_240270,-0.803396659
ASV_41112,ASV_240097,-0.932181534
ASV_251811,ASV_240097,-0.439100657
ASV_232519,ASV_240097,-0.916401502
ASV_157127,ASV_240097,-0.427425271
ASV_229885,ASV_239801,-0.885666721
ASV_251046,ASV_239562,-0.909449302
ASV_180382,ASV_239562,-0.882723892
ASV_174732,ASV_239562,-0.800676914
ASV_12441,ASV_239562,-0.8076122
ASV_53475,ASV_238496,-0.910090717
ASV_187146,ASV_238496,-0.904129872
ASV_54044,ASV_238487,-0.933414308
ASV_42809,ASV_238487,-0.886741
ASV_181331,ASV_238487,-0.911752219
ASV_177177,ASV_238487,-0.919961601
ASV_111388,ASV_238487,-0.484344868
ASV_58530,ASV_237118,-0.790294069
ASV_214896,ASV_237118,-0.769147898
ASV_211836,ASV_237118,-0.927444092
ASV_120,ASV_237118,-0.849315683
ASV_15999,ASV_232834,-0.854560229
ASV_158813,ASV_232834,-0.8777065
ASV_147508,ASV_23137,-0.8946465
ASV_127946,ASV_230921,-0.896993528
ASV_28053,ASV_230614,-0.942587327
ASV_187942,ASV_230614,-0.569703524
ASV_179425,ASV_230433,-0.766587839
ASV_118050,ASV_230433,-0.914251938
ASV_201227,ASV_229885,-0.888012
ASV_85414,ASV_229639,-0.824517592
ASV_33160,ASV_229607,-0.555022972
ASV_171394,ASV_229607,-0.896319266
ASV_161355,ASV_229607,-0.828365406
ASV_14131,ASV_229607,-0.849888768
ASV_133617,ASV_229607,-0.857069116
ASV_41112,ASV_22847,-0.9468935
ASV_154458,ASV_22847,-0.871142008
ASV_117829,ASV_22847,-0.001325879
ASV_114638,ASV_2271,-0.793781547
ASV_45614,ASV_227072,-0.928859403
ASV_211836,ASV_227072,-0.919850936
ASV_168515,ASV_227072,-0.972198949
ASV_199888,ASV_225942,-0.944548
ASV_186889,ASV_225942,-0.908
ASV_101652,ASV_225252,-0.878526382
ASV_201526,ASV_225181,-0.952675445
ASV_204980,ASV_224662,-0.861572639
ASV_201283,ASV_224662,-0.869500312
ASV_134709,ASV_224662,-0.97003435
ASV_86007,ASV_224638,-0.972717731
ASV_26664,ASV_224638,-0.684959301
ASV_149186,ASV_224638,-0.637818988
ASV_36702,ASV_224411,-0.168454091
ASV_27984,ASV_223720,-0.873315634
ASV_165092,ASV_223720,-0.791756574
ASV_148210,ASV_223720,-0.966798143
ASV_8101,ASV_223705,-0.894118017
ASV_54817,ASV_223705,-0.708531462
ASV_41656,ASV_223705,-0.826323796
ASV_161793,ASV_223705,-0.839145564
ASV_51728,ASV_222683,-0.706210082
ASV_49853,ASV_222502,-0.870777664
ASV_47217,ASV_222502,-0.091109217
ASV_190052,ASV_222502,-0.000280279
ASV_134680,ASV_222502,-0.737355394
ASV_80122,ASV_221714,-0.799497256
ASV_36702,ASV_221714,-0.969806739
ASV_25639,ASV_221714,-0.949530878
ASV_229521,ASV_221714,-0.375140307
ASV_142924,ASV_221714,-0.925170044
ASV_137991,ASV_221714,-0.929026641
ASV_138203,ASV_221358,-0.842098295
ASV_175842,ASV_220913,-0.819734616
ASV_2876,ASV_220190,-0.90909924
ASV_62396,ASV_219782,-0.774292215
ASV_38340,ASV_219782,-0.711535597
ASV_48123,ASV_218532,-0.57145144
ASV_36702,ASV_218532,-0.514132005
ASV_227839,ASV_218532,-0.958549402
ASV_213517,ASV_218532,-0.594068747
ASV_203094,ASV_218532,-0.884670796
ASV_182560,ASV_218532,-0.740441128
ASV_163361,ASV_218532,-0.292668667
ASV_154458,ASV_218532,-0.009846843
ASV_140121,ASV_218532,-0.512681905
ASV_137991,ASV_218532,-0.988330967
ASV_119411,ASV_218532,-0.836644116
ASV_117829,ASV_218532,-0.214207086
ASV_245242,ASV_218293,-0.911650716
ASV_238501,ASV_218293,-0.907777193
ASV_145787,ASV_218293,-0.92705018
ASV_13023,ASV_218293,-0.420101837
ASV_108833,ASV_218293,-0.705872066
ASV_63015,ASV_21829,-0.880733
ASV_248800,ASV_21829,-0.847805178
ASV_204980,ASV_217286,-0.860656978
ASV_112247,ASV_217286,-0.798268181
ASV_142924,ASV_216674,-0.876912374
ASV_127515,ASV_216674,-0.884846285
ASV_92371,ASV_215550,-0.94464813
ASV_64991,ASV_215550,-0.896761754
ASV_63015,ASV_215488,-0.859275416
ASV_30113,ASV_215488,-0.87212807
ASV_22707,ASV_215488,-0.885481147
ASV_151663,ASV_215488,-0.846540062
ASV_166823,ASV_215249,-0.624586502
ASV_156108,ASV_215249,-0.91796913
ASV_224222,ASV_21458,-0.922604
ASV_215249,ASV_214398,-0.912620847
ASV_110223,ASV_214398,-0.703800055
ASV_48123,ASV_210547,-0.2014651
ASV_36702,ASV_210547,-0.792346674
ASV_25639,ASV_210547,-0.859053401
ASV_203094,ASV_210547,-0.501557069
ASV_163361,ASV_210547,-0.219369148
ASV_154458,ASV_210547,-0.867582865
ASV_142924,ASV_210547,-0.266308342
ASV_137991,ASV_210547,-0.682758062
ASV_117829,ASV_210547,-0.361836761
ASV_11103,ASV_210547,-0.837741611
ASV_64213,ASV_210332,-0.862503452
ASV_199700,ASV_209917,-0.851807421
ASV_113256,ASV_209881,-0.9362815
ASV_225252,ASV_209141,-0.982056206
ASV_88743,ASV_207516,-0.873674289
ASV_5690,ASV_207516,-0.966558776
ASV_35675,ASV_207516,-0.940092548
ASV_190609,ASV_207516,-0.942168394
ASV_115282,ASV_207516,-0.9472681
ASV_52455,ASV_207364,-0.855921245
ASV_54668,ASV_206799,-0.852699238
ASV_215550,ASV_206799,-0.672703227
ASV_145751,ASV_206799,-0.885997
ASV_136795,ASV_206799,-0.882640472
ASV_80122,ASV_206717,-0.9713275
ASV_36702,ASV_206717,-0.236734616
ASV_182560,ASV_206717,-0.970335151
ASV_142924,ASV_206717,-0.950895211
ASV_127515,ASV_206717,-0.957630858
ASV_114788,ASV_206331,-0.869873527
ASV_89091,ASV_206167,-0.948917547
ASV_148210,ASV_206167,-0.938623362
ASV_230921,ASV_204980,-0.943733527
ASV_227072,ASV_203890,-0.517618833
ASV_2037,ASV_203890,-0.508084723
ASV_106022,ASV_2037,-0.900220014
ASV_85130,ASV_203424,-0.880960606
ASV_34796,ASV_203424,-0.962123507
ASV_185979,ASV_203424,-0.946973895
ASV_36702,ASV_20316,-0.632979256
ASV_142924,ASV_20316,-0.942598163
ASV_93757,ASV_202946,-0.812140735
ASV_202127,ASV_202946,-0.766949335
ASV_185170,ASV_202946,-0.14225406
ASV_111388,ASV_202946,-0.801525697
ASV_55923,ASV_202805,-0.877915
ASV_181116,ASV_201526,-0.040565983
ASV_74969,ASV_201283,-0.915562151
ASV_249227,ASV_201283,-0.967541526
ASV_230921,ASV_201283,-0.950369899
ASV_17313,ASV_201283,-0.970859012
ASV_251811,ASV_200748,-0.713042956
ASV_161138,ASV_200240,-0.710418033
ASV_134812,ASV_200240,-0.50564929
ASV_205264,ASV_200172,-0.764800923
ASV_42075,ASV_199885,-0.881929
ASV_210076,ASV_199700,-0.906747
ASV_182560,ASV_199700,-0.909220422
ASV_81114,ASV_199464,-0.912943065
ASV_51728,ASV_197597,-0.741908336
ASV_56651,ASV_197178,-0.892791864
ASV_43784,ASV_197178,-0.903548
ASV_41656,ASV_197178,-0.878176
ASV_34796,ASV_197178,-0.948044197
ASV_149848,ASV_197178,-0.927572054
ASV_138823,ASV_197178,-0.90739492
ASV_81114,ASV_196748,-0.782526988
ASV_79326,ASV_196640,-0.874707361
ASV_128841,ASV_196640,-0.836660275
ASV_101652,ASV_196640,-0.842154047
ASV_210547,ASV_196414,-0.154476669
ASV_199700,ASV_196414,-0.96701433
ASV_138823,ASV_196414,-0.944942679
ASV_113716,ASV_196414,-0.921308895
ASV_80122,ASV_195213,-0.768898465
ASV_51728,ASV_195213,-0.576441408
ASV_154668,ASV_195213,-0.861688337
ASV_114788,ASV_195213,-0.827589781
ASV_112967,ASV_195213,-0.888095699
ASV_143551,ASV_195007,-0.988804227
ASV_251811,ASV_194843,-0.874758751
ASV_244883,ASV_194190,-0.830781799
ASV_143551,ASV_194190,-0.899051
ASV_39728,ASV_193165,-0.951089241
ASV_227839,ASV_193165,-0.637874859
ASV_203094,ASV_193165,-0.754784137
ASV_17484,ASV_193165,-0.8831445
ASV_163361,ASV_193165,-0.914380423
ASV_154668,ASV_193165,-0.952746781
ASV_11103,ASV_193165,-0.0005091
ASV_177177,ASV_193135,-0.906098843
ASV_37829,ASV_192979,-0.9016105
ASV_26825,ASV_192395,-0.869917031
ASV_237653,ASV_192395,-0.8339874
ASV_57659,ASV_19185,-0.856669417
ASV_205669,ASV_19185,-0.512396765
ASV_13965,ASV_19185,-0.912081017
ASV_114704,ASV_19185,-0.875580595
ASV_48335,ASV_191077,-0.977568426
ASV_172455,ASV_190929,-0.752999334
ASV_120833,ASV_19047,-0.937675266
ASV_48123,ASV_190052,-0.427894484
ASV_36702,ASV_190052,-0.185333084
ASV_94109,ASV_189759,-0.700937141
ASV_74982,ASV_189759,-0.811078063
ASV_165092,ASV_189426,-0.770665379
ASV_157804,ASV_189426,-0.882143993
ASV_148210,ASV_189426,-0.930441855
ASV_127946,ASV_188379,-0.8801325
ASV_80942,ASV_187942,-0.931483472
ASV_193135,ASV_187942,-0.926161027
ASV_93649,ASV_187785,-0.96897011
ASV_89507,ASV_187785,-0.682208955
ASV_66374,ASV_187785,-0.530873356
ASV_54817,ASV_187785,-0.664251612
ASV_241078,ASV_187785,-0.943580437
ASV_221714,ASV_187785,-0.55817896
ASV_143843,ASV_187785,-0.151956289
ASV_138823,ASV_187785,-0.984844833
ASV_1305,ASV_187785,-0.958776098
ASV_109497,ASV_187785,-0.854959972
ASV_64213,ASV_187700,-0.922881735
ASV_54496,ASV_187457,-0.936322982
ASV_34645,ASV_187457,-0.696302542
ASV_72610,ASV_187146,-0.570042039
ASV_238401,ASV_187146,-0.978893531
ASV_203424,ASV_186889,-0.838996183
ASV_8399,ASV_186019,-0.971490618
ASV_73188,ASV_186019,-0.874848
ASV_174732,ASV_186019,-0.9571585
ASV_82134,ASV_185379,-0.890902785
ASV_144503,ASV_185379,-0.554739246
ASV_161138,ASV_185170,-0.902402
ASV_237653,ASV_185153,-0.798203458
ASV_16470,ASV_185153,-0.653520022
ASV_150109,ASV_185153,-0.70477624
ASV_123691,ASV_184605,-0.914348282
ASV_77301,ASV_18392,-0.928248446
ASV_49051,ASV_18392,-0.983460483
ASV_229559,ASV_18392,-0.943819033
ASV_105307,ASV_18392,-0.859230837
ASV_47217,ASV_183808,-0.843725468
ASV_39919,ASV_183808,-0.759592177
ASV_134663,ASV_183157,-0.882365085
ASV_104963,ASV_183157,-0.844566796
ASV_179946,ASV_182796,-0.963159318
ASV_167553,ASV_182560,-0.602575586
ASV_223705,ASV_181912,-0.62471516
ASV_71396,ASV_181515,-0.813478211
ASV_134592,ASV_181515,-0.880017
ASV_113256,ASV_181515,-0.962912676
ASV_99210,ASV_181116,-0.754817107
ASV_148980,ASV_180623,-0.931959204
ASV_141636,ASV_180623,-0.912968
ASV_171714,ASV_180600,-0.3444965
ASV_74662,ASV_180382,-0.914463
ASV_47217,ASV_17935,-0.918785303
ASV_43135,ASV_17935,-0.990787528
ASV_42898,ASV_17935,-0.941388512
ASV_218532,ASV_17935,-0.68110456
ASV_167553,ASV_17935,-0.233977632
ASV_61366,ASV_179333,-0.857640219
ASV_185153,ASV_179333,-0.787171661
ASV_17589,ASV_179333,-0.856222732
ASV_145268,ASV_179333,-0.902937364
ASV_9304,ASV_179170,-0.051656923
ASV_91539,ASV_179170,-0.755222217
ASV_47948,ASV_179170,-0.810942434
ASV_202946,ASV_179170,-0.706795223
ASV_196443,ASV_179170,-0.96461097
ASV_125907,ASV_179170,-0.881961579
ASV_79904,ASV_179074,-0.920159403
ASV_7375,ASV_179074,-0.954333801
ASV_213517,ASV_178271,-0.398624585
ASV_233692,ASV_177863,-0.814423635
ASV_195007,ASV_177863,-0.901848262
ASV_192395,ASV_176607,-0.921771346
ASV_59589,ASV_176147,-0.8650487
ASV_27984,ASV_176147,-0.926062636
ASV_134592,ASV_176147,-0.8750815
ASV_22706,ASV_176037,-0.885699
ASV_222683,ASV_176037,-0.889947618
ASV_129310,ASV_176037,-0.900502923
ASV_108744,ASV_176037,-0.9103055
ASV_5564,ASV_17589,-0.721481018
ASV_150109,ASV_17589,-0.909522014
ASV_165092,ASV_175701,-0.724926406
ASV_5128,ASV_175494,-0.969454071
ASV_86007,ASV_174732,-0.513178341
ASV_200748,ASV_173481,-0.871518989
ASV_85433,ASV_172716,-0.8854285
ASV_68768,ASV_172716,-0.862829846
ASV_4100,ASV_172716,-0.904449813
ASV_172280,ASV_172716,-0.9133185
ASV_50189,ASV_172576,-0.931116488
ASV_238496,ASV_172576,-0.751019171
ASV_236812,ASV_172576,-0.934974147
ASV_224412,ASV_172455,-0.871635237
ASV_124727,ASV_172455,-0.939303751
ASV_80942,ASV_171920,-0.8770195
ASV_219782,ASV_171920,-0.915408023
ASV_13769,ASV_171920,-0.865259644
ASV_85659,ASV_171714,-0.895690469
ASV_78480,ASV_171714,-0.35771406
ASV_210124,ASV_171714,-0.866879148
ASV_173481,ASV_171714,-0.882235875
ASV_145776,ASV_171714,-0.53236646
ASV_49853,ASV_171410,-0.737683449
ASV_241078,ASV_171410,-0.641684363
ASV_224411,ASV_171410,-0.262260284
ASV_209932,ASV_171410,-0.893977212
ASV_209141,ASV_171410,-0.580982097
ASV_190052,ASV_171410,-0.91943787
ASV_134709,ASV_171394,-0.943377371
ASV_7432,ASV_170913,-0.88252635
ASV_214026,ASV_170913,-0.931815186
ASV_141636,ASV_170913,-0.912166
ASV_13769,ASV_170703,-0.901813
ASV_223618,ASV_1706,-0.969443321
ASV_73188,ASV_170245,-0.741368711
ASV_47217,ASV_170245,-0.948014045
ASV_42898,ASV_170245,-0.687854683
ASV_218532,ASV_170245,-0.969164235
ASV_206717,ASV_170245,-0.812051059
ASV_167553,ASV_170245,-0.954464986
ASV_143855,ASV_170245,-0.803832917
ASV_138823,ASV_170245,-0.956338708
ASV_25549,ASV_169499,-0.897305
ASV_241078,ASV_169499,-0.067334837
ASV_209141,ASV_169499,-0.932895731
ASV_251811,ASV_168515,-0.885409
ASV_49844,ASV_167653,-0.562746332
ASV_230921,ASV_167653,-0.813685171
ASV_221566,ASV_167653,-0.906308181
ASV_133617,ASV_167653,-0.81680813
ASV_81114,ASV_167554,-0.531847137
ASV_6307,ASV_167554,-0.887403559
ASV_114788,ASV_167554,-0.881309605
ASV_203094,ASV_167553,-0.079349316
ASV_154458,ASV_167553,-0.826979748
ASV_137991,ASV_167553,-0.507711118
ASV_42790,ASV_167245,-0.944473548
ASV_99210,ASV_16717,-0.830709584
ASV_17484,ASV_16717,-0.897805406
ASV_114638,ASV_165201,-0.908180919
ASV_3258,ASV_165092,-0.923395179
ASV_229639,ASV_165092,-0.863074899
ASV_168501,ASV_165092,-0.824466027
ASV_25549,ASV_16388,-0.887723153
ASV_171714,ASV_16388,-0.797790637
ASV_227072,ASV_163400,-0.892008
ASV_114788,ASV_162789,-0.736923697
ASV_2271,ASV_16254,-0.333751612
ASV_206799,ASV_16254,-0.691390723
ASV_13096,ASV_16254,-0.955904632
ASV_73820,ASV_162393,-0.942853111
ASV_52455,ASV_162028,-0.863795989
ASV_210332,ASV_162028,-0.872182106
ASV_168501,ASV_162028,-0.792392978
ASV_91593,ASV_161890,-0.789471149
ASV_73820,ASV_161890,-0.602556658
ASV_53195,ASV_161890,-0.866297002
ASV_170703,ASV_161405,-0.95429802
ASV_202127,ASV_16135,-0.848990674
ASV_200240,ASV_16135,-0.456485386
ASV_53475,ASV_161194,-0.877462
ASV_202127,ASV_161138,-0.866889972
ASV_2037,ASV_160314,-0.907426995
ASV_49051,ASV_15999,-0.960125627
ASV_37003,ASV_15999,-0.937553421
ASV_248800,ASV_15999,-0.691987819
ASV_229559,ASV_15999,-0.887107031
ASV_105307,ASV_15999,-0.882861787
ASV_248800,ASV_159279,-0.858930647
ASV_62396,ASV_158843,-0.875406
ASV_199086,ASV_158843,-0.91798
ASV_2037,ASV_158813,-0.87716429
ASV_58530,ASV_157419,-0.9509915
ASV_235406,ASV_157419,-0.885111
ASV_250980,ASV_157127,-0.893057
ASV_62396,ASV_155810,-0.875786231
ASV_38340,ASV_155810,-0.928020372
ASV_93649,ASV_155423,-0.186293758
ASV_240097,ASV_155423,-0.847923715
ASV_134680,ASV_155423,-0.957082369
ASV_126082,ASV_155423,-0.952908955
ASV_124455,ASV_155423,-0.379219539
ASV_61422,ASV_154962,-0.95994818
ASV_93649,ASV_154668,-0.047028339
ASV_32788,ASV_154668,-0.964308586
ASV_26825,ASV_154366,-0.960816619
ASV_237653,ASV_154366,-0.798253149
ASV_176607,ASV_154366,-0.552574032
ASV_157804,ASV_154366,-0.9017785
ASV_72610,ASV_154365,-0.792702488
ASV_238401,ASV_154365,-0.866582848
ASV_237653,ASV_154365,-0.899193485
ASV_220190,ASV_154365,-0.612894505
ASV_191482,ASV_154365,-0.832536226
ASV_178271,ASV_154365,-0.848385029
ASV_54044,ASV_153791,-0.909938822
ASV_26323,ASV_153766,-0.977821515
ASV_200748,ASV_153766,-0.822225627
ASV_91241,ASV_153490,-0.840681105
ASV_79326,ASV_153490,-0.855465669
ASV_171714,ASV_153490,-0.876958323
ASV_114638,ASV_152270,-0.939036769
ASV_33050,ASV_151663,-0.852469848
ASV_11545,ASV_151663,-0.949191187
ASV_248933,ASV_150986,-0.338961578
ASV_223705,ASV_150986,-0.796989259
ASV_223618,ASV_150986,-0.694977543
ASV_193579,ASV_150986,-0.417747445
ASV_43784,ASV_150642,-0.868185688
ASV_43135,ASV_150642,-0.891657739
ASV_32788,ASV_150642,-0.899948674
ASV_209141,ASV_150642,-0.894217665
ASV_199700,ASV_150642,-0.95631199
ASV_138823,ASV_150642,-0.950426396
ASV_1305,ASV_150642,-0.897840928
ASV_97714,ASV_149877,-0.853144263
ASV_149764,ASV_149877,-0.958366378
ASV_145898,ASV_149877,-0.944227771
ASV_6307,ASV_149848,-0.901376782
ASV_48274,ASV_149848,-0.990735309
ASV_94049,ASV_149186,-0.815231199
ASV_181116,ASV_149186,-0.784326287
ASV_148312,ASV_149186,-0.87621149
ASV_113884,ASV_149186,-0.928201491
ASV_26664,ASV_148980,-0.892061024
ASV_210076,ASV_148980,-0.604267351
ASV_161890,ASV_148980,-0.839577624
ASV_99210,ASV_148312,-0.927852872
ASV_160863,ASV_147862,-0.987442568
ASV_138650,ASV_147862,-0.943471816
ASV_227072,ASV_147311,-0.887674
ASV_201283,ASV_147311,-0.760308751
ASV_167653,ASV_147311,-0.543502574
ASV_199888,ASV_145898,-0.886435
ASV_187146,ASV_145787,-0.805277763
ASV_147508,ASV_145787,-0.831965532
ASV_12294,ASV_145787,-0.734729484
ASV_57488,ASV_145268,-0.736071051
ASV_5564,ASV_145268,-0.987869627
ASV_179946,ASV_145268,-0.813247007
ASV_218721,ASV_145176,-0.933614
ASV_80392,ASV_144605,-0.804301755
ASV_49844,ASV_144503,-0.938494419
ASV_214896,ASV_144503,-0.914045328
ASV_168515,ASV_144503,-0.955286344
ASV_66374,ASV_144081,-0.376875562
ASV_210547,ASV_144081,-0.949557673
ASV_197325,ASV_144081,-0.846954589
ASV_143855,ASV_144081,-0.825637126
ASV_36702,ASV_143855,-0.957863173
ASV_31734,ASV_143855,-0.948320985
ASV_25639,ASV_143855,-0.744171925
ASV_196414,ASV_143855,-0.765245804
ASV_182560,ASV_143855,-0.902484421
ASV_17589,ASV_143855,-0.830449596
ASV_140121,ASV_143855,-0.906619864
ASV_137991,ASV_143855,-0.669034831
ASV_117829,ASV_143855,-0.559712713
ASV_115847,ASV_143855,-3.09E-07
ASV_80122,ASV_143843,-0.040168704
ASV_182560,ASV_143843,-0.937606772
ASV_170913,ASV_143636,-0.887176291
ASV_87576,ASV_143575,-0.881408679
ASV_145898,ASV_143575,-0.93781253
ASV_48280,ASV_143061,-0.777078764
ASV_45987,ASV_143061,-0.881334
ASV_32232,ASV_142924,-0.718872483
ASV_206331,ASV_142924,-0.926276794
ASV_187942,ASV_142836,-0.943651247
ASV_229521,ASV_141802,-0.909040065
ASV_137991,ASV_141802,-0.487988862
ASV_10571,ASV_14131,-0.859003823
ASV_102537,ASV_14131,-0.80421263
ASV_215550,ASV_140121,-0.814300708
ASV_150109,ASV_140121,-0.827970372
ASV_91593,ASV_139506,-0.887929415
ASV_182796,ASV_13898,-0.969707859
ASV_182560,ASV_138823,-0.977587559
ASV_68105,ASV_138650,-0.962534153
ASV_204994,ASV_138650,-0.590402672
ASV_64213,ASV_138632,-0.860195318
ASV_235406,ASV_138203,-0.782176104
ASV_199086,ASV_138203,-0.776901699
ASV_42809,ASV_137908,-0.8922295
ASV_178618,ASV_137908,-0.907913558
ASV_114789,ASV_137908,-0.948514082
ASV_85433,ASV_13769,-0.944615
ASV_62396,ASV_13769,-0.822363119
ASV_25639,ASV_136795,-0.201501294
ASV_229521,ASV_136795,-0.868959408
ASV_129568,ASV_136795,-0.010590699
ASV_115847,ASV_136795,-0.952913202
ASV_2037,ASV_135651,-0.923901444
ASV_102537,ASV_135651,-0.826661533
ASV_53475,ASV_1348,-0.92451704
ASV_26664,ASV_1348,-0.792909968
ASV_4197,ASV_134680,-0.965833473
ASV_251811,ASV_134680,-0.883223058
ASV_232519,ASV_134680,-0.684979901
ASV_229521,ASV_134680,-0.79737175
ASV_227839,ASV_134680,-0.952345818
ASV_203094,ASV_134680,-0.028170356
ASV_16135,ASV_134680,-0.879304818
ASV_154458,ASV_134680,-0.598539159
ASV_144081,ASV_134680,-0.375096169
ASV_127515,ASV_134680,-0.610073889
ASV_117829,ASV_134680,-0.860536466
ASV_79623,ASV_134663,-0.418670235
ASV_128841,ASV_134663,-0.921715065
ASV_127491,ASV_134663,-0.686234934
ASV_73188,ASV_134485,-0.958764398
ASV_63965,ASV_134485,-0.858113271
ASV_56651,ASV_134485,-0.916607264
ASV_53612,ASV_134485,-0.883588609
ASV_185170,ASV_134485,-0.8874925
ASV_149848,ASV_134485,-0.83658467
ASV_93109,ASV_13437,-0.931933027
ASV_54817,ASV_13437,-0.774145556
ASV_252332,ASV_13437,-0.860869835
ASV_238401,ASV_13437,-0.937825982
ASV_178271,ASV_13437,-0.850557724
ASV_34645,ASV_13402,-0.833237488
ASV_44612,ASV_133859,-0.88213
ASV_138650,ASV_133859,-0.756164163
ASV_138203,ASV_13382,-0.813623869
ASV_6307,ASV_133259,-0.868316141
ASV_51728,ASV_13218,-0.872745615
ASV_17484,ASV_13218,-0.8965475
ASV_80122,ASV_1305,-0.929949749
ASV_79628,ASV_1305,-0.941376999
ASV_203424,ASV_1305,-0.369340417
ASV_114788,ASV_1305,-0.79832274
ASV_112967,ASV_1305,-0.906805416
ASV_213517,ASV_13023,-0.880163859
ASV_204994,ASV_130121,-0.843235188
ASV_54668,ASV_129568,-0.442952576
ASV_13023,ASV_129568,-0.901177225
ASV_51728,ASV_129310,-0.900672723
ASV_80942,ASV_128841,-0.945893024
ASV_223618,ASV_128841,-0.745764854
ASV_73594,ASV_128719,-0.8749785
ASV_182796,ASV_128719,-0.9198695
ASV_180438,ASV_128719,-0.907302462
ASV_74969,ASV_127946,-0.966643111
ASV_249227,ASV_127946,-0.763932894
ASV_17313,ASV_127946,-0.948335125
ASV_141802,ASV_127515,-0.707987809
ASV_201526,ASV_127504,-0.96140009
ASV_197728,ASV_127491,-0.41893019
ASV_227072,ASV_12715,-0.934388825
ASV_144503,ASV_12715,-0.936557368
ASV_4197,ASV_126082,-0.79764062
ASV_251811,ASV_126082,-0.150465992
ASV_203094,ASV_126082,-0.867765432
ASV_163361,ASV_126082,-0.945728552
ASV_16135,ASV_126082,-0.943023864
ASV_137991,ASV_126082,-0.729030485
ASV_127515,ASV_126082,-0.957052816
ASV_79623,ASV_125907,-0.797989484
ASV_202127,ASV_125907,-0.926544572
ASV_181331,ASV_125907,-0.974421113
ASV_177177,ASV_125907,-0.956191732
ASV_237990,ASV_125660,-0.941350707
ASV_202946,ASV_125660,-0.890803
ASV_120,ASV_12539,-0.849680521
ASV_85414,ASV_125228,-0.935198531
ASV_51728,ASV_124940,-0.815215847
ASV_233136,ASV_124727,-0.986783214
ASV_74662,ASV_124455,-0.805392534
ASV_20561,ASV_124455,-0.769155189
ASV_197728,ASV_124455,-0.8832
ASV_157127,ASV_124455,-0.738303689
ASV_134812,ASV_124455,-0.92104959
ASV_252332,ASV_12294,-0.794576019
ASV_22847,ASV_12294,-0.16015509
ASV_13023,ASV_12294,-0.661286851
ASV_127491,ASV_12294,-0.702326184
ASV_48335,ASV_122407,-0.696042178
ASV_89091,ASV_122305,-0.958856969
ASV_239801,ASV_122305,-0.891685851
ASV_162028,ASV_122271,-0.875678
ASV_31632,ASV_122180,-0.8868325
ASV_224411,ASV_121822,-0.920850463
ASV_190052,ASV_121822,-0.60128954
ASV_202383,ASV_120833,-0.784807427
ASV_201227,ASV_120833,-0.539231094
ASV_200172,ASV_120833,-0.631208062
ASV_114001,ASV_120833,-0.908520644
ASV_110223,ASV_12004,-0.974120791
ASV_32788,ASV_119411,-0.972634199
ASV_224411,ASV_119411,-0.621687769
ASV_209141,ASV_119411,-0.935074198
ASV_177863,ASV_118634,-0.949461338
ASV_72528,ASV_118514,-0.509965929
ASV_85414,ASV_118050,-0.9064765
ASV_128841,ASV_116464,-0.860275582
ASV_54668,ASV_115847,-0.972563834
ASV_244883,ASV_11545,-0.847759115
ASV_16388,ASV_11545,-0.852033464
ASV_118514,ASV_11545,-0.978945456
ASV_40276,ASV_115113,-0.128026635
ASV_229885,ASV_115113,-0.955995353
ASV_197728,ASV_115113,-0.801921002
ASV_122305,ASV_115113,-0.857056362
ASV_7008,ASV_11493,-0.823120917
ASV_53978,ASV_11493,-0.867193368
ASV_195007,ASV_11493,-0.918686449
ASV_154366,ASV_11493,-0.840737325
ASV_164369,ASV_114704,-0.94959864
ASV_92371,ASV_114638,-0.923579896
ASV_74982,ASV_114001,-0.871646644
ASV_86007,ASV_113884,-0.942480749
ASV_209917,ASV_113884,-0.948896316
ASV_193579,ASV_113716,-0.916346972
ASV_47217,ASV_113003,-0.97049599
ASV_43135,ASV_113003,-0.973157694
ASV_32788,ASV_113003,-0.509616983
ASV_210547,ASV_113003,-0.946307916
ASV_199700,ASV_113003,-0.81872841
ASV_167553,ASV_113003,-0.001677273
ASV_148312,ASV_113003,-0.82556844
ASV_138823,ASV_113003,-0.226308837
ASV_84421,ASV_112967,-0.920951533
ASV_34796,ASV_112967,-0.956954869
ASV_32788,ASV_112967,-0.934078422
ASV_134812,ASV_112686,-0.826091639
ASV_168903,ASV_112247,-0.9071275
ASV_93649,ASV_112158,-0.798050974
ASV_93109,ASV_112158,-0.815085258
ASV_47217,ASV_112158,-0.908196174
ASV_218532,ASV_112158,-0.180389138
ASV_206717,ASV_112158,-0.555980318
ASV_202127,ASV_112158,-0.715979355
ASV_200240,ASV_112158,-0.671229626
ASV_126082,ASV_112158,-0.235120197
ASV_124455,ASV_112158,-0.815393885
ASV_251811,ASV_11139,-0.199172701
ASV_246001,ASV_11139,-0.749234473
ASV_206799,ASV_11139,-0.74879177
ASV_42852,ASV_11103,-0.341869591
ASV_199464,ASV_11103,-0.994398143
ASV_167553,ASV_11103,-0.945006843
ASV_82134,ASV_110298,-0.87514159
ASV_39548,ASV_110298,-0.852303728
ASV_93109,ASV_109746,-0.820718573
ASV_47217,ASV_109746,-0.005284745
ASV_218532,ASV_109746,-0.205487001
ASV_210547,ASV_109746,-0.935729962
ASV_193165,ASV_109746,-0.918259339
ASV_143855,ASV_109746,-0.295074015
ASV_141802,ASV_109746,-0.357702722
ASV_240270,ASV_109686,-0.896347314
ASV_184605,ASV_109686,-0.780775963
ASV_32232,ASV_109350,-0.907838609
ASV_246884,ASV_109350,-0.459745702
ASV_22894,ASV_109350,-0.80066699
ASV_206331,ASV_109350,-0.828675711
ASV_193165,ASV_109350,-0.554043844
ASV_13965,ASV_109350,-0.965155961
ASV_49853,ASV_104963,-0.093311318
ASV_36168,ASV_104963,-0.910052966
ASV_22847,ASV_104963,-0.829962119
ASV_215550,ASV_104963,-0.8830093
ASV_127491,ASV_104963,-0.534329318
ASV_248800,ASV_104780,-0.760398555
ASV_185670,ASV_104780,-0.890602498
ASV_80122,ASV_10470,-0.832925143
ASV_144503,ASV_10470,-0.893275483
ASV_202127,ASV_103697,-0.890285375
ASV_127491,ASV_103697,-1.46E-05
ASV_89507,ASV_102981,-0.886675173
ASV_66374,ASV_102981,-0.881769078
ASV_241078,ASV_102981,-0.979691947
ASV_209932,ASV_102981,-0.868281387
ASV_203064,ASV_102981,-0.810026702
ASV_160622,ASV_102981,-0.586898238
ASV_150986,ASV_102981,-0.851731679
ASV_10470,ASV_102981,-0.785519321
ASV_221566,ASV_102537,-0.856063216
ASV_161355,ASV_102537,-0.923802922
ASV_231932,ASV_10139,-0.825093686
ASV_134812,ASV_10139,-0.84886751
ASV_84399,ASV_101209,-0.860983175
ASV_79904,ASV_101209,-0.819651911
ASV_77301,ASV_101209,-0.616740427
ASV_248800,ASV_101209,-0.84638036
ASV_105307,ASV_101209,-0.395677369
ASV_238401,ASV_99978,0.8960695
ASV_237653,ASV_99978,0.8898405
ASV_236812,ASV_99978,0.850148773
ASV_18832,ASV_99978,0.964766151
ASV_112247,ASV_99978,0.845662025
ASV_84095,ASV_99896,0.172139469
ASV_48123,ASV_99896,0.001215637
ASV_251811,ASV_99896,0.958063364
ASV_229521,ASV_99896,0.770316221
ASV_227839,ASV_99896,0.909507119
ASV_203094,ASV_99896,0.324416996
ASV_163361,ASV_99896,0.956947036
ASV_155423,ASV_99896,0.938708346
ASV_154668,ASV_99896,0.617602447
ASV_154458,ASV_99896,0.588212156
ASV_144081,ASV_99896,0.283529035
ASV_137991,ASV_99896,0.617189802
ASV_13437,ASV_99896,0.359004138
ASV_119411,ASV_99896,0.07940385
ASV_117829,ASV_99896,0.555461216
ASV_177022,ASV_98676,0.9270215
ASV_6464,ASV_9781,0.977071674
ASV_5690,ASV_9781,0.534165216
ASV_181116,ASV_9781,0.887879789
ASV_127504,ASV_9781,0.974193832
ASV_115282,ASV_9781,0.980898886
ASV_20561,ASV_97579,0.851706034
ASV_134812,ASV_97579,0.846167379
ASV_44061,ASV_97362,0.75301163
ASV_35757,ASV_97362,0.939376907
ASV_28912,ASV_97362,0.379150054
ASV_250071,ASV_97362,0.94360678
ASV_238496,ASV_97362,0.9082755
ASV_108833,ASV_97362,0.795869471
ASV_36702,ASV_96432,0.826447359
ASV_196443,ASV_96432,0.8072132
ASV_182560,ASV_96432,0.283410374
ASV_11103,ASV_96432,0.720737663
ASV_37829,ASV_96272,0.9004715
ASV_96454,ASV_96084,0.896286
ASV_70106,ASV_96084,0.800184147
ASV_203125,ASV_96084,0.885015857
ASV_12004,ASV_96084,0.8817125
ASV_87592,ASV_94341,0.911169405
ASV_179425,ASV_94341,0.972590289
ASV_167334,ASV_94341,0.79213559
ASV_181116,ASV_94049,0.938196108
ASV_152131,ASV_94049,0.900852
ASV_32788,ASV_93649,0.957960302
ASV_54668,ASV_93109,0.812985521
ASV_202127,ASV_93109,0.648671386
ASV_181331,ASV_93109,0.433327198
ASV_237990,ASV_9304,0.923304735
ASV_202946,ASV_9304,0.522877774
ASV_196443,ASV_9304,0.913346506
ASV_125907,ASV_9304,0.813679961
ASV_89507,ASV_9294,0.000000036
ASV_54817,ASV_9294,0.799478891
ASV_113716,ASV_9294,0.970384296
ASV_109497,ASV_9294,0.827128287
ASV_223705,ASV_91995,0.935342473
ASV_77301,ASV_91830,0.880594794
ASV_49051,ASV_91830,0.65497071
ASV_232834,ASV_91830,0.81492947
ASV_179946,ASV_91830,0.877749595
ASV_80392,ASV_91593,0.823324275
ASV_53195,ASV_91593,0.903121857
ASV_79628,ASV_91539,0.82728555
ASV_47948,ASV_91539,0.659241471
ASV_227839,ASV_91539,0.254196936
ASV_203094,ASV_91539,0.176473715
ASV_182560,ASV_91539,0.92915392
ASV_170245,ASV_91539,0.305005656
ASV_163361,ASV_91539,0.498729553
ASV_16135,ASV_91539,0.817738468
ASV_137991,ASV_91539,0.922583272
ASV_79326,ASV_91241,0.878992231
ASV_10139,ASV_90455,0.876946911
ASV_23137,ASV_89507,0.246091468
ASV_157804,ASV_89091,0.967324928
ASV_114789,ASV_89091,0.79166339
ASV_34036,ASV_88898,0.967971047
ASV_130121,ASV_88898,0.910275
ASV_114704,ASV_88898,0.894466692
ASV_87576,ASV_88743,0.940529275
ASV_29550,ASV_88743,0.959639321
ASV_186275,ASV_88743,0.807391318
ASV_49605,ASV_8848,0.647769199
ASV_44397,ASV_8848,0.876203997
ASV_34036,ASV_8848,0.983970741
ASV_220913,ASV_8848,0.805380327
ASV_108744,ASV_8848,0.60933966
ASV_167334,ASV_87592,0.850735678
ASV_162789,ASV_87592,0.9050535
ASV_118050,ASV_87592,0.933849126
ASV_150847,ASV_87576,0.904121702
ASV_85433,ASV_86733,0.188703442
ASV_245242,ASV_86733,0.909437852
ASV_210697,ASV_86733,0.620749789
ASV_201126,ASV_86733,0.942010637
ASV_197728,ASV_86135,0.854181433
ASV_16135,ASV_86135,0.447693933
ASV_10571,ASV_85755,0.81763256
ASV_78480,ASV_85659,0.979105575
ASV_221622,ASV_85659,0.873413281
ASV_153339,ASV_85659,0.454171848
ASV_210697,ASV_85433,0.903705339
ASV_201126,ASV_85433,0.913688472
ASV_197597,ASV_85130,0.955171692
ASV_162789,ASV_85130,0.732673684
ASV_113162,ASV_84421,0.877522
ASV_77301,ASV_84399,0.934579309
ASV_179946,ASV_84399,0.346604823
ASV_61366,ASV_84095,0.973746201
ASV_40276,ASV_84095,0.007708375
ASV_31734,ASV_84095,0.47285035
ASV_13437,ASV_84095,0.947337098
ASV_129568,ASV_84095,0.906143896
ASV_12294,ASV_84095,0.858305833
ASV_117829,ASV_84095,0.891931983
ASV_238501,ASV_83131,0.597176049
ASV_145787,ASV_83131,0.885902378
ASV_21829,ASV_82041,0.803884864
ASV_159279,ASV_82041,0.963591093
ASV_104780,ASV_82041,0.948957195
ASV_74662,ASV_8126,0.744299276
ASV_16135,ASV_8126,0.917844724
ASV_157127,ASV_8126,0.947635742
ASV_13437,ASV_8126,0.423473127
ASV_93649,ASV_8101,0.917583285
ASV_202127,ASV_8101,0.851589621
ASV_138823,ASV_8101,0.917508358
ASV_223618,ASV_80942,0.95743352
ASV_201227,ASV_8048,0.8942465
ASV_150885,ASV_80392,0.902930294
ASV_79623,ASV_80259,0.918156997
ASV_28053,ASV_80259,0.94635574
ASV_203064,ASV_80259,0.883578172
ASV_1706,ASV_80259,0.993027716
ASV_150986,ASV_80259,0.926350656
ASV_128841,ASV_80259,0.634757544
ASV_11139,ASV_80259,0.872246527
ASV_182560,ASV_80122,0.593325965
ASV_84399,ASV_79904,0.960289176
ASV_112247,ASV_79904,0.9088665
ASV_80122,ASV_79628,0.895698619
ASV_127515,ASV_79628,0.707033937
ASV_44329,ASV_79623,0.727832227
ASV_127491,ASV_79623,0.791571651
ASV_26323,ASV_79326,0.834030964
ASV_101652,ASV_79326,0.91655563
ASV_148110,ASV_78506,0.8928955
ASV_109350,ASV_78506,0.854668754
ASV_153339,ASV_78480,0.855241994
ASV_145776,ASV_78480,0.953199377
ASV_202192,ASV_78321,0.928163
ASV_114001,ASV_78321,0.8807925
ASV_104582,ASV_78321,0.8893135
ASV_179946,ASV_77301,0.546532807
ASV_177177,ASV_75780,0.9083445
ASV_48123,ASV_7552,0.972469915
ASV_203094,ASV_7552,0.022081882
ASV_154458,ASV_7552,0.089806952
ASV_119411,ASV_7552,0.076939416
ASV_32232,ASV_75478,0.218254833
ASV_22707,ASV_75478,0.873684538
ASV_185670,ASV_75478,0.384549773
ASV_40168,ASV_7524,0.923957166
ASV_39919,ASV_7524,0.89283
ASV_201227,ASV_7524,0.909700725
ASV_200172,ASV_7524,0.961553901
ASV_114001,ASV_7524,0.455858471
ASV_94109,ASV_74982,0.784963608
ASV_249227,ASV_74969,0.88842902
ASV_33616,ASV_74489,0.981586445
ASV_32232,ASV_74421,0.878174531
ASV_80392,ASV_74097,0.57482053
ASV_54066,ASV_74097,0.9031095
ASV_52455,ASV_74097,0.870151717
ASV_168501,ASV_74097,0.929082753
ASV_150885,ASV_74097,0.944394531
ASV_138632,ASV_74097,0.717908076
ASV_53195,ASV_73820,0.707790597
ASV_84399,ASV_7375,0.871358276
ASV_166203,ASV_7375,0.8837545
ASV_154366,ASV_73561,0.908355537
ASV_91241,ASV_73515,0.91094
ASV_54066,ASV_73515,0.9079
ASV_63965,ASV_73188,0.477488607
ASV_200240,ASV_73188,0.969309262
ASV_178271,ASV_73188,0.869920963
ASV_138823,ASV_73188,0.796737491
ASV_238401,ASV_72610,0.658440625
ASV_75478,ASV_71396,0.906954
ASV_113256,ASV_71396,0.774094965
ASV_2271,ASV_70106,0.794897715
ASV_203125,ASV_70106,0.935102922
ASV_91097,ASV_7008,0.882212
ASV_106022,ASV_7008,0.846286213
ASV_52273,ASV_69540,0.906129848
ASV_180438,ASV_69540,0.928243813
ASV_78480,ASV_69452,0.30370982
ASV_4666,ASV_69452,0.390098176
ASV_221622,ASV_69452,0.914986815
ASV_180452,ASV_69452,0.962955136
ASV_153490,ASV_69452,0.82102675
ASV_36168,ASV_68768,0.93867731
ASV_22894,ASV_6770,0.9372178
ASV_129285,ASV_6770,0.900820656
ASV_197597,ASV_66579,0.920938519
ASV_195213,ASV_66579,0.856153305
ASV_16717,ASV_66579,0.930391966
ASV_160314,ASV_66579,0.884779
ASV_93649,ASV_66374,0.990023809
ASV_241078,ASV_66374,0.844751341
ASV_22847,ASV_66374,0.107567196
ASV_221714,ASV_66374,0.925351034
ASV_160622,ASV_66374,0.367059589
ASV_138823,ASV_66374,0.000717292
ASV_9294,ASV_66201,0.745966441
ASV_29038,ASV_66201,0.8893895
ASV_161793,ASV_66201,0.848356891
ASV_113716,ASV_66201,0.617148017
ASV_61366,ASV_65178,0.579018386
ASV_187146,ASV_65178,0.056170589
ASV_147508,ASV_65178,0.946281516
ASV_205264,ASV_64991,0.805701179
ASV_202805,ASV_64764,0.957295
ASV_187457,ASV_64764,0.8842025
ASV_103475,ASV_64764,0.891968
ASV_5690,ASV_6464,0.926051156
ASV_181116,ASV_6464,0.563391553
ASV_115282,ASV_6464,0.548219765
ASV_200240,ASV_63965,0.950596831
ASV_178271,ASV_63965,0.862559046
ASV_10139,ASV_63965,0.869759769
ASV_100462,ASV_63965,0.956013891
ASV_167245,ASV_63724,0.833990734
ASV_81114,ASV_6307,0.876259707
ASV_134709,ASV_63015,0.936995415
ASV_250980,ASV_62533,0.800718645
ASV_174732,ASV_62533,0.861934788
ASV_148312,ASV_62533,0.924837896
ASV_93109,ASV_61840,0.868875273
ASV_39919,ASV_61840,0.916281344
ASV_238401,ASV_61840,0.945445462
ASV_210547,ASV_61840,0.921146015
ASV_143855,ASV_61840,0.000495081
ASV_210697,ASV_61422,0.875619
ASV_31734,ASV_61366,0.969695075
ASV_213517,ASV_61366,0.85633943
ASV_203094,ASV_61366,0.708175732
ASV_187146,ASV_61366,0.924704182
ASV_13437,ASV_61366,0.000810951
ASV_117829,ASV_61366,0.349330074
ASV_115847,ASV_61366,0.009644108
ASV_42809,ASV_61256,0.788102427
ASV_238873,ASV_61256,0.855612906
ASV_145776,ASV_61256,0.816220089
ASV_122539,ASV_61256,0.868410366
ASV_119360,ASV_61256,0.930193686
ASV_161138,ASV_61017,0.985816049
ASV_210547,ASV_60973,0.925364
ASV_199464,ASV_60973,0.908038578
ASV_176607,ASV_60973,0.968619435
ASV_141802,ASV_60973,0.876288582
ASV_13965,ASV_60973,0.919702646
ASV_85659,ASV_59435,0.857088888
ASV_173481,ASV_59435,0.795408257
ASV_124727,ASV_58530,0.886304852
ASV_120,ASV_58530,0.934539638
ASV_214896,ASV_5832,0.241425808
ASV_209932,ASV_5832,0.892993979
ASV_200748,ASV_5832,0.911212522
ASV_10470,ASV_5832,0.128393078
ASV_205669,ASV_57659,0.874082668
ASV_98509,ASV_57488,0.777375982
ASV_29400,ASV_57488,0.849848118
ASV_22894,ASV_57488,0.907069521
ASV_129285,ASV_57488,0.93444241
ASV_148980,ASV_570,0.383011055
ASV_90455,ASV_5690,0.880207
ASV_180743,ASV_5690,0.890912
ASV_195007,ASV_56,0.225883387
ASV_84399,ASV_5564,0.7902591
ASV_29400,ASV_5564,0.935737447
ASV_179946,ASV_5564,0.940819121
ASV_59435,ASV_54867,0.94260837
ASV_147508,ASV_54867,0.871599793
ASV_93109,ASV_54817,0.87626455
ASV_79623,ASV_54817,0.588514248
ASV_202127,ASV_54817,0.879781945
ASV_138823,ASV_54817,0.956108616
ASV_247206,ASV_54413,0.862498272
ASV_199888,ASV_54413,0.853684846
ASV_96272,ASV_54167,0.975098326
ASV_220913,ASV_54167,0.885900885
ASV_206619,ASV_54167,0.932587299
ASV_28053,ASV_54066,0.906679473
ASV_111388,ASV_54044,0.759615146
ASV_7008,ASV_53978,0.82848746
ASV_199888,ASV_53978,0.907741
ASV_173777,ASV_53978,0.899695
ASV_106022,ASV_53978,0.936606525
ASV_63724,ASV_53682,0.898488461
ASV_51159,ASV_53682,0.957394107
ASV_32596,ASV_53682,0.891800904
ASV_25946,ASV_53682,0.58336314
ASV_147508,ASV_53475,0.757204008
ASV_210332,ASV_52455,0.936553504
ASV_168501,ASV_52455,0.294084907
ASV_180438,ASV_52273,0.825116629
ASV_145776,ASV_52273,0.923347823
ASV_7432,ASV_5128,0.8815345
ASV_44061,ASV_5128,0.886494
ASV_63724,ASV_51159,0.97377116
ASV_99978,ASV_50189,0.845900276
ASV_72610,ASV_50189,0.886868921
ASV_32932,ASV_50090,0.9395135
ASV_199086,ASV_50090,0.767989136
ASV_162393,ASV_50090,0.83645791
ASV_161890,ASV_50090,0.970754679
ASV_44397,ASV_49605,0.954186258
ASV_91097,ASV_4912,0.865202071
ASV_77301,ASV_49051,0.930258297
ASV_29400,ASV_49051,0.952213813
ASV_150109,ASV_49051,0.802717333
ASV_91241,ASV_48280,0.8905945
ASV_100462,ASV_4825,0.87706243
ASV_203094,ASV_48123,0.522877009
ASV_154458,ASV_48123,0.8561824
ASV_137991,ASV_48123,0.392800452
ASV_79628,ASV_47948,0.814809921
ASV_16135,ASV_47948,0.879251174
ASV_127515,ASV_47948,0.891795043
ASV_57659,ASV_47217,0.89346484
ASV_43135,ASV_47217,0.496313336
ASV_178271,ASV_47217,0.943007116
ASV_174732,ASV_47217,0.838163273
ASV_148312,ASV_47217,0.536730508
ASV_124455,ASV_47217,0.869629611
ASV_93757,ASV_4666,0.298427757
ASV_85659,ASV_4666,0.511568073
ASV_78480,ASV_4666,0.577037503
ASV_153339,ASV_4666,0.969834562
ASV_39548,ASV_45987,0.919344399
ASV_207551,ASV_45987,0.921925
ASV_152270,ASV_45987,0.901712305
ASV_147862,ASV_45987,0.735434325
ASV_49844,ASV_45614,0.961965573
ASV_168515,ASV_45614,0.612624992
ASV_73515,ASV_45569,0.923686025
ASV_81263,ASV_44061,0.645217151
ASV_250071,ASV_44061,0.909942894
ASV_73820,ASV_43784,0.796795216
ASV_52273,ASV_43658,0.8981855
ASV_130121,ASV_43488,0.89488
ASV_42898,ASV_43135,0.981334243
ASV_224411,ASV_43135,0.753765628
ASV_199700,ASV_43135,0.974377607
ASV_167553,ASV_43135,0.86216693
ASV_190052,ASV_42898,0.976937139
ASV_178271,ASV_42898,0.861927381
ASV_167553,ASV_42898,0.950351516
ASV_177448,ASV_42075,0.92989513
ASV_86135,ASV_4197,0.891355278
ASV_40276,ASV_4197,0.978412667
ASV_229521,ASV_4197,0.346055933
ASV_203094,ASV_4197,0.883121256
ASV_197728,ASV_4197,0.663168504
ASV_163361,ASV_4197,0.947969771
ASV_154962,ASV_4197,0.739699207
ASV_154458,ASV_4197,0.851003986
ASV_137991,ASV_4197,0.450010489
ASV_117829,ASV_4197,0.380251126
ASV_93109,ASV_41858,0.731854232
ASV_73188,ASV_41858,0.94584491
ASV_56651,ASV_41858,0.963110983
ASV_202127,ASV_41858,0.844928063
ASV_111388,ASV_41858,0.230524634
ASV_113158,ASV_4174,0.8791015
ASV_225252,ASV_41112,0.890498
ASV_157127,ASV_41112,0.914718945
ASV_9294,ASV_40862,0.8609778
ASV_83131,ASV_40862,0.941735124
ASV_238501,ASV_40862,0.828334832
ASV_113716,ASV_40862,0.754355184
ASV_31734,ASV_40276,0.923154565
ASV_227839,ASV_40276,0.879285033
ASV_163361,ASV_40276,0.618029838
ASV_154458,ASV_40276,0.016996088
ASV_140121,ASV_40276,0.932320249
ASV_129568,ASV_40276,0.887837159
ASV_117829,ASV_40276,0.964697422
ASV_201227,ASV_40168,0.892527552
ASV_49853,ASV_39919,0.797772821
ASV_36168,ASV_39919,0.585688237
ASV_16470,ASV_39919,0.8760165
ASV_84399,ASV_39648,0.889592755
ASV_5564,ASV_39648,0.050177007
ASV_187700,ASV_39648,0.798115829
ASV_179946,ASV_39648,0.81250928
ASV_68105,ASV_39548,0.882280421
ASV_148110,ASV_39548,0.923564546
ASV_85659,ASV_38821,0.85730988
ASV_75478,ASV_38821,0.686086914
ASV_69452,ASV_38821,0.89295566
ASV_184605,ASV_38821,0.9119015
ASV_180452,ASV_38821,0.967714449
ASV_153490,ASV_38821,0.814646811
ASV_104582,ASV_38816,0.9811065
ASV_6133,ASV_38340,0.962117
ASV_87576,ASV_38259,0.77993686
ASV_252332,ASV_38259,0.882208
ASV_173439,ASV_38259,0.90920102
ASV_150847,ASV_38259,0.828556667
ASV_114789,ASV_38259,0.840406852
ASV_122180,ASV_37829,0.8832205
ASV_25639,ASV_36702,0.550428008
ASV_11103,ASV_36702,0.909629916
ASV_88743,ASV_35757,0.837339961
ASV_191077,ASV_35757,0.829391507
ASV_108833,ASV_35757,0.677914105
ASV_87576,ASV_35675,0.610398454
ASV_252332,ASV_35675,0.755586531
ASV_115282,ASV_35675,0.561330522
ASV_72528,ASV_35610,0.865899765
ASV_58530,ASV_35610,0.899627189
ASV_21829,ASV_35610,0.871432055
ASV_211836,ASV_35610,0.919609306
ASV_188379,ASV_35610,0.890094
ASV_124727,ASV_35610,0.850125786
ASV_11545,ASV_35610,0.490645973
ASV_81114,ASV_34645,0.844115494
ASV_4174,ASV_34645,0.834669198
ASV_44397,ASV_34036,0.70595823
ASV_214026,ASV_33592,0.933329502
ASV_115282,ASV_33592,0.187797285
ASV_86135,ASV_33369,0.978209455
ASV_4197,ASV_33369,0.31190989
ASV_16135,ASV_33369,0.801560145
ASV_125907,ASV_33369,0.947514803
ASV_171394,ASV_33160,0.587312082
ASV_161355,ASV_33160,0.893717029
ASV_158813,ASV_33160,0.829748621
ASV_14131,ASV_33160,0.491497264
ASV_133617,ASV_33160,0.766875445
ASV_34534,ASV_32932,0.911257374
ASV_170621,ASV_32932,0.875617293
ASV_177863,ASV_32853,0.828870343
ASV_205182,ASV_32815,0.934887992
ASV_203125,ASV_32815,0.900687678
ASV_18392,ASV_32815,0.885158289
ASV_154218,ASV_32815,0.884936805
ASV_25946,ASV_32596,0.978342304
ASV_178618,ASV_32596,0.820098547
ASV_173439,ASV_32596,0.868088198
ASV_148210,ASV_32596,0.870978753
ASV_114789,ASV_32596,0.909194218
ASV_168501,ASV_3258,0.91580323
ASV_93757,ASV_32308,0.896395702
ASV_224222,ASV_32308,0.896919774
ASV_185170,ASV_32308,0.987750387
ASV_167553,ASV_32232,0.162104234
ASV_227839,ASV_31734,0.888748164
ASV_213517,ASV_31734,0.379583625
ASV_203094,ASV_31734,0.956930796
ASV_154458,ASV_31734,0.475474843
ASV_137991,ASV_31734,0.768044593
ASV_227072,ASV_30695,0.807901448
ASV_27984,ASV_29550,0.924284191
ASV_186275,ASV_29550,0.851083882
ASV_173439,ASV_29550,0.955167875
ASV_214398,ASV_2908,0.817906289
ASV_138203,ASV_2908,0.842879081
ASV_12004,ASV_2908,0.846595104
ASV_97714,ASV_29038,0.917412356
ASV_72610,ASV_29038,0.881165501
ASV_250071,ASV_28912,0.71120382
ASV_166203,ASV_28912,0.8965235
ASV_89507,ASV_28053,0.000130241
ASV_54817,ASV_28053,0.655172821
ASV_23137,ASV_28053,0.86600766
ASV_90455,ASV_27984,0.893756
ASV_59589,ASV_27984,0.942305192
ASV_162028,ASV_27984,0.948422545
ASV_42809,ASV_26825,0.875835022
ASV_248800,ASV_26825,0.879318
ASV_44612,ASV_26664,0.522625721
ASV_209917,ASV_26664,0.959001816
ASV_200748,ASV_26323,0.048307307
ASV_89091,ASV_25987,0.891365
ASV_51159,ASV_25987,0.962032582
ASV_42809,ASV_25987,0.921339304
ASV_238873,ASV_25987,0.95880192
ASV_249227,ASV_25946,0.918057899
ASV_173439,ASV_25946,0.682552744
ASV_148210,ASV_25946,0.546220268
ASV_112686,ASV_25946,0.841112768
ASV_247206,ASV_25769,0.800809214
ASV_13096,ASV_25639,0.821726317
ASV_200748,ASV_25549,0.9151555
ASV_195007,ASV_25549,0.883352329
ASV_120,ASV_25549,0.8927685
ASV_222924,ASV_25493,0.85372397
ASV_173802,ASV_25493,0.762786102
ASV_154962,ASV_25493,0.83897476
ASV_122305,ASV_25493,0.71119253
ASV_238401,ASV_252332,0.946868135
ASV_13023,ASV_252332,0.020059908
ASV_48123,ASV_251811,0.530488463
ASV_232519,ASV_251811,0.744925382
ASV_187457,ASV_25160,0.669698489
ASV_39728,ASV_251585,0.782501167
ASV_192395,ASV_251585,0.686810439
ASV_17935,ASV_251585,0.818330725
ASV_8399,ASV_251046,0.933853927
ASV_180382,ASV_251046,0.230307997
ASV_59589,ASV_250473,0.96572829
ASV_32596,ASV_250473,0.766637862
ASV_249227,ASV_250473,0.92820799
ASV_17313,ASV_250473,0.58292191
ASV_81263,ASV_250071,0.860102698
ASV_41112,ASV_248933,0.766712993
ASV_134663,ASV_248933,0.867284282
ASV_235406,ASV_248002,0.96855493
ASV_173541,ASV_248002,0.867236161
ASV_149877,ASV_248002,0.948155555
ASV_199888,ASV_247206,0.919286074
ASV_106022,ASV_247206,0.918337564
ASV_74421,ASV_246884,0.870199823
ASV_32232,ASV_246884,0.633427147
ASV_26825,ASV_246884,0.382201397
ASV_197325,ASV_246884,0.851652631
ASV_176607,ASV_246884,0.94179743
ASV_141802,ASV_246884,0.967390007
ASV_13965,ASV_246884,0.130686029
ASV_80122,ASV_246001,0.147372179
ASV_48123,ASV_246001,0.617715454
ASV_251811,ASV_246001,0.989861078
ASV_163361,ASV_246001,0.626763762
ASV_155423,ASV_246001,0.901499731
ASV_144503,ASV_246001,0.908235189
ASV_144081,ASV_246001,0.853093261
ASV_127515,ASV_246001,0.657021167
ASV_250071,ASV_245242,0.722553926
ASV_238501,ASV_245242,0.810697194
ASV_13023,ASV_245242,0.550333833
ASV_237118,ASV_244883,0.939698984
ASV_230112,ASV_244883,0.948366305
ASV_210124,ASV_244883,0.406254241
ASV_173481,ASV_244883,0.951757742
ASV_109350,ASV_242302,0.86524779
ASV_96432,ASV_24185,0.962239478
ASV_36702,ASV_24185,0.66096665
ASV_193135,ASV_24185,0.694128525
ASV_182560,ASV_24185,0.83708116
ASV_94109,ASV_241389,0.669758779
ASV_85130,ASV_241389,0.950371766
ASV_197597,ASV_241389,0.862549533
ASV_195213,ASV_241389,0.419262951
ASV_162789,ASV_241389,0.855750697
ASV_149848,ASV_241389,0.859302298
ASV_209141,ASV_241078,0.96888907
ASV_238873,ASV_240270,0.92997915
ASV_122539,ASV_240270,0.949008222
ASV_26323,ASV_240097,0.591787775
ASV_44397,ASV_239801,0.8781565
ASV_32596,ASV_239801,0.915620866
ASV_25946,ASV_239801,0.903614312
ASV_205669,ASV_239801,0.8883695
ASV_6133,ASV_239562,0.898728
ASV_42809,ASV_238873,0.7558314
ASV_235231,ASV_238666,0.8789105
ASV_238401,ASV_238501,0.783713834
ASV_13023,ASV_238501,0.475654384
ASV_50189,ASV_238496,0.663467756
ASV_13023,ASV_238496,0.50788229
ASV_47948,ASV_238487,0.927759623
ASV_33369,ASV_238487,0.815716331
ASV_202946,ASV_238487,0.911497921
ASV_86135,ASV_237990,0.708259699
ASV_197728,ASV_237990,0.824138997
ASV_230112,ASV_237118,0.818285996
ASV_210124,ASV_237118,0.841744208
ASV_173481,ASV_237118,0.800370492
ASV_12539,ASV_237118,0.782824645
ASV_175842,ASV_235231,0.9119655
ASV_14131,ASV_235231,0.8791085
ASV_77301,ASV_232834,0.908129081
ASV_37003,ASV_232834,0.923455817
ASV_197594,ASV_232834,0.8789055
ASV_17313,ASV_230921,0.320320221
ASV_171394,ASV_230921,0.96851731
ASV_223618,ASV_230614,0.964195829
ASV_193579,ASV_230614,0.897514517
ASV_193135,ASV_230614,0.968124689
ASV_82134,ASV_230433,0.979325317
ASV_221622,ASV_230112,0.139735862
ASV_4912,ASV_229885,0.96214791
ASV_125228,ASV_229639,0.878844456
ASV_167653,ASV_229607,0.947472221
ASV_102537,ASV_229607,0.657961274
ASV_29400,ASV_229559,0.909085834
ASV_214237,ASV_229559,0.824140219
ASV_105307,ASV_229559,0.978919234
ASV_92371,ASV_229521,0.949137144
ASV_64991,ASV_229521,0.952140534
ASV_25639,ASV_229521,0.943453405
ASV_203094,ASV_229521,0.747853862
ASV_163361,ASV_229521,0.65290358
ASV_137991,ASV_229521,0.25109437
ASV_79623,ASV_22847,0.807749596
ASV_54817,ASV_22847,0.928956493
ASV_13023,ASV_22847,0.002265362
ASV_127491,ASV_22847,0.865867355
ASV_203094,ASV_227839,0.993594521
ASV_154458,ASV_227839,0.996386547
ASV_92371,ASV_2271,0.502304788
ASV_206799,ASV_2271,0.891063954
ASV_205182,ASV_2271,0.870911881
ASV_13096,ASV_2271,0.396933474
ASV_229559,ASV_22707,0.861080945
ASV_96454,ASV_225181,0.978008312
ASV_230921,ASV_224662,0.983994146
ASV_17313,ASV_224662,0.133469751
ASV_160314,ASV_224662,0.901299212
ASV_73820,ASV_224638,0.925933137
ASV_53195,ASV_224638,0.818974171
ASV_214026,ASV_224638,0.912889261
ASV_98509,ASV_224411,0.974530255
ASV_199700,ASV_224411,0.076969504
ASV_197325,ASV_224411,0.931020595
ASV_190052,ASV_224411,0.965905152
ASV_6596,ASV_223720,0.886707142
ASV_52455,ASV_223720,0.763895792
ASV_189426,ASV_223720,0.93965709
ASV_168501,ASV_223720,0.76189233
ASV_193579,ASV_223705,0.753682538
ASV_193579,ASV_223618,0.744318774
ASV_173802,ASV_222924,0.767017519
ASV_122305,ASV_222924,0.8196174
ASV_168903,ASV_222683,0.789981526
ASV_129310,ASV_222683,0.198215892
ASV_124940,ASV_222683,0.945991906
ASV_99896,ASV_222502,0.970506072
ASV_84095,ASV_222502,0.142478523
ASV_7552,ASV_222502,0.633193807
ASV_61366,ASV_222502,0.805388541
ASV_48123,ASV_222502,0.981420047
ASV_31734,ASV_222502,0.865533055
ASV_227839,ASV_222502,0.573023605
ASV_213517,ASV_222502,0.958769976
ASV_203094,ASV_222502,0.966365204
ASV_17935,ASV_222502,0.87277777
ASV_170245,ASV_222502,0.157295594
ASV_163361,ASV_222502,0.496426024
ASV_157127,ASV_222502,0.96067485
ASV_154458,ASV_222502,0.278033456
ASV_144081,ASV_222502,0.156106295
ASV_121822,ASV_222502,0.946113329
ASV_119411,ASV_222502,0.325050873
ASV_117829,ASV_222502,0.959488704
ASV_210547,ASV_221714,0.847231108
ASV_160622,ASV_221714,0.9555437
ASV_143855,ASV_221714,0.055958461
ASV_45614,ASV_221566,0.936506093
ASV_133617,ASV_221566,0.867370269
ASV_235406,ASV_221358,0.937541254
ASV_34036,ASV_220913,0.823026899
ASV_197594,ASV_220913,0.927057
ASV_101965,ASV_220913,0.8995905
ASV_72610,ASV_220190,0.927029075
ASV_63965,ASV_220190,0.447067583
ASV_190609,ASV_220190,0.763415942
ASV_178271,ASV_220190,0.889506928
ASV_155810,ASV_219782,0.960537922
ASV_47217,ASV_218532,0.30608667
ASV_43135,ASV_218532,0.639651728
ASV_246884,ASV_218532,0.636993769
ASV_210547,ASV_218532,0.974038413
ASV_206717,ASV_218532,0.93419147
ASV_193165,ASV_218532,0.941467788
ASV_167553,ASV_218532,0.926484015
ASV_141802,ASV_218532,0.60469815
ASV_147508,ASV_218293,0.827516699
ASV_72528,ASV_21829,0.676063085
ASV_114744,ASV_21829,0.910182
ASV_82041,ASV_217286,0.8776865
ASV_247206,ASV_217286,0.926651324
ASV_224662,ASV_217286,0.775256503
ASV_163400,ASV_217286,0.962483015
ASV_206331,ASV_216674,0.896908218
ASV_179425,ASV_216674,0.864208556
ASV_34534,ASV_215550,0.836070471
ASV_33160,ASV_215488,0.866159285
ASV_87592,ASV_215249,0.72995939
ASV_120,ASV_214896,0.872745936
ASV_136462,ASV_21458,0.8997755
ASV_166823,ASV_214398,0.833783599
ASV_156108,ASV_214398,0.593989909
ASV_12004,ASV_214398,0.808606568
ASV_77301,ASV_214237,0.927586993
ASV_7432,ASV_214026,0.852263059
ASV_227839,ASV_213517,0.149403716
ASV_203094,ASV_213517,0.714629149
ASV_154458,ASV_213517,0.930618225
ASV_137991,ASV_213517,0.000011556
ASV_49844,ASV_211836,0.933048345
ASV_120,ASV_211836,0.840346735
ASV_42898,ASV_210547,0.915462095
ASV_197325,ASV_210547,0.935446752
ASV_190052,ASV_210547,0.942044344
ASV_150109,ASV_210547,0.538892572
ASV_168501,ASV_210332,0.619695164
ASV_230112,ASV_210124,0.847029504
ASV_98509,ASV_209932,0.87913925
ASV_241078,ASV_209932,0.596780371
ASV_209141,ASV_209932,0.68216914
ASV_200748,ASV_209932,0.826150332
ASV_113162,ASV_209932,0.800082212
ASV_86007,ASV_209917,0.989483214
ASV_44612,ASV_209917,0.726509211
ASV_44329,ASV_209881,0.9405985
ASV_233692,ASV_209141,0.914455
ASV_68105,ASV_207551,0.886874
ASV_59589,ASV_207364,0.891557828
ASV_249227,ASV_207364,0.732667618
ASV_17313,ASV_207364,0.926075255
ASV_13096,ASV_206799,0.948627387
ASV_8101,ASV_206717,0.640218444
ASV_54044,ASV_206717,0.754019948
ASV_32788,ASV_206717,0.956122411
ASV_96272,ASV_206619,0.970273392
ASV_74421,ASV_206331,0.740787242
ASV_32232,ASV_206331,0.603856081
ASV_4912,ASV_206167,0.919490719
ASV_229885,ASV_206167,0.778373118
ASV_249227,ASV_205669,0.81533774
ASV_99210,ASV_20561,0.427292734
ASV_232519,ASV_205264,0.71945722
ASV_92371,ASV_205182,0.706839999
ASV_13096,ASV_205182,0.775228436
ASV_68105,ASV_204994,0.517773076
ASV_39548,ASV_204994,0.886203128
ASV_192561,ASV_204994,0.807825546
ASV_148110,ASV_204994,0.965053472
ASV_33050,ASV_203890,0.95499356
ASV_251046,ASV_203890,0.8759475
ASV_134709,ASV_2037,0.888657571
ASV_6307,ASV_203424,0.823918778
ASV_48274,ASV_203424,0.911389914
ASV_236501,ASV_203424,0.839663872
ASV_189759,ASV_203424,0.952558191
ASV_224411,ASV_20316,0.944367186
ASV_113162,ASV_20316,0.967036511
ASV_229639,ASV_203064,0.616225187
ASV_194843,ASV_203064,0.498938174
ASV_10470,ASV_203064,0.865009431
ASV_196443,ASV_202946,0.946558665
ASV_98509,ASV_202805,0.871278941
ASV_6770,ASV_202805,0.927113985
ASV_57488,ASV_202805,0.677618161
ASV_220913,ASV_202805,0.8793375
ASV_4100,ASV_202383,0.8776355
ASV_201126,ASV_202383,0.915278
ASV_172280,ASV_202383,0.926036
ASV_170621,ASV_202383,0.8940075
ASV_114001,ASV_202383,0.863723851
ASV_166203,ASV_202192,0.837077988
ASV_20561,ASV_201283,0.921325
ASV_210697,ASV_201126,0.856836384
ASV_202127,ASV_200240,0.806598286
ASV_170621,ASV_200172,0.9067525
ASV_53195,ASV_199885,0.880597699
ASV_185979,ASV_199885,0.796165368
ASV_176028,ASV_199885,0.936257743
ASV_113162,ASV_199885,0.879885
ASV_26825,ASV_199464,0.880489634
ASV_94109,ASV_197597,0.871266895
ASV_16470,ASV_197594,0.852821522
ASV_29400,ASV_197325,0.659005693
ASV_16470,ASV_197325,0.093237371
ASV_189759,ASV_197178,0.959180931
ASV_75478,ASV_196748,0.946476291
ASV_32232,ASV_196748,0.948824548
ASV_199464,ASV_196748,0.006661997
ASV_196244,ASV_196748,0.943189508
ASV_185670,ASV_196748,0.535441176
ASV_180452,ASV_196748,0.887114448
ASV_167554,ASV_196748,0.945181264
ASV_166672,ASV_196748,0.882758239
ASV_36702,ASV_196414,0.937478899
ASV_227839,ASV_196414,0.060402982
ASV_203094,ASV_196414,0.926627784
ASV_182560,ASV_196414,0.368814292
ASV_154458,ASV_196414,0.73651509
ASV_13437,ASV_196414,0.271687117
ASV_121822,ASV_196414,0.979185485
ASV_53612,ASV_196244,0.928180337
ASV_199464,ASV_196244,0.870444006
ASV_167554,ASV_196244,0.939746114
ASV_153339,ASV_196244,0.899466894
ASV_32788,ASV_195213,0.857704202
ASV_206717,ASV_195213,0.000236335
ASV_162789,ASV_195213,0.787676766
ASV_49844,ASV_194843,0.836954871
ASV_45614,ASV_194843,0.803086003
ASV_26323,ASV_194843,0.757991046
ASV_10470,ASV_194843,0.901101431
ASV_238666,ASV_194190,0.939284
ASV_211836,ASV_194190,0.846544988
ASV_60973,ASV_193165,0.4680313
ASV_47217,ASV_193165,0.936212989
ASV_32232,ASV_193165,0.617863121
ASV_246884,ASV_193165,0.870045802
ASV_167553,ASV_193165,0.968611248
ASV_141802,ASV_193165,0.883897521
ASV_13965,ASV_193165,0.581302671
ASV_196443,ASV_193135,0.900327547
ASV_68105,ASV_192561,0.864912874
ASV_7552,ASV_19185,0.980340592
ASV_97714,ASV_191482,0.879227781
ASV_66005,ASV_191482,0.924479312
ASV_237653,ASV_191482,0.888714182
ASV_18832,ASV_191482,0.806768242
ASV_149764,ASV_191482,0.708000337
ASV_88743,ASV_191077,0.805153638
ASV_87576,ASV_191077,0.874250195
ASV_35675,ASV_191077,0.961084657
ASV_115282,ASV_191077,0.798774122
ASV_42075,ASV_190929,0.953465051
ASV_224412,ASV_190929,0.92279821
ASV_177448,ASV_190929,0.727829139
ASV_252332,ASV_190609,0.8750985
ASV_178271,ASV_190609,0.956223265
ASV_10139,ASV_190609,0.983471735
ASV_201227,ASV_19047,0.864013302
ASV_199700,ASV_190052,0.944834092
ASV_150109,ASV_190052,0.711865826
ASV_48274,ASV_189759,0.926406268
ASV_236501,ASV_189759,0.920478428
ASV_177448,ASV_189759,0.82277084
ASV_48280,ASV_189426,0.88401769
ASV_80122,ASV_187785,0.120320701
ASV_182560,ASV_187785,0.986397795
ASV_170245,ASV_187785,0.898902155
ASV_154668,ASV_187785,0.129091034
ASV_142924,ASV_187785,0.839142965
ASV_137991,ASV_187785,0.099495577
ASV_121822,ASV_187785,0.903079773
ASV_112967,ASV_187785,0.80415082
ASV_214237,ASV_187700,0.953097301
ASV_179946,ASV_187700,0.861837416
ASV_229559,ASV_187457,0.872366131
ASV_22707,ASV_187457,0.69957192
ASV_214237,ASV_187457,0.876611515
ASV_187700,ASV_187457,0.354576975
ASV_213517,ASV_187146,0.946145488
ASV_185153,ASV_187146,0.346213118
ASV_84421,ASV_186889,0.926267935
ASV_85414,ASV_186275,0.954679236
ASV_209917,ASV_186019,0.956322482
ASV_84421,ASV_185979,0.96996489
ASV_53178,ASV_185979,0.775444564
ASV_206331,ASV_185979,0.898287474
ASV_42852,ASV_185670,0.950412877
ASV_199464,ASV_185670,0.916969871
ASV_166672,ASV_185670,0.874183893
ASV_87592,ASV_185379,0.865744596
ASV_49844,ASV_185379,0.900680135
ASV_215249,ASV_185379,0.911228128
ASV_214896,ASV_185379,0.895742476
ASV_10470,ASV_185379,0.81651061
ASV_219782,ASV_185341,0.906428
ASV_13769,ASV_185341,0.9241625
ASV_224222,ASV_185170,0.07966394
ASV_84095,ASV_183808,0.595221413
ASV_7552,ASV_183808,0.751656321
ASV_48123,ASV_183808,0.796702265
ASV_213517,ASV_183808,0.317089597
ASV_203094,ASV_183808,0.750819412
ASV_187146,ASV_183808,0.881427423
ASV_157127,ASV_183808,0.920638434
ASV_154458,ASV_183808,0.117808209
ASV_117829,ASV_183808,0.924848061
ASV_86733,ASV_183157,0.90537494
ASV_85433,ASV_183157,0.733493675
ASV_238501,ASV_183157,0.961192783
ASV_210697,ASV_183157,0.679572453
ASV_146535,ASV_183157,0.267236
ASV_13023,ASV_183157,0.826149195
ASV_127491,ASV_183157,0.85998509
ASV_227839,ASV_182560,0.864513072
ASV_193579,ASV_182560,0.893534029
ASV_137991,ASV_182560,0.74557618
ASV_8101,ASV_181912,0.835330924
ASV_41656,ASV_181912,0.623420496
ASV_229639,ASV_181912,0.712252139
ASV_203064,ASV_181912,0.865618673
ASV_194843,ASV_181912,0.565656806
ASV_150986,ASV_181912,0.932203406
ASV_10470,ASV_181912,0.23382526
ASV_101652,ASV_181912,0.957526067
ASV_78480,ASV_181890,0.904816
ASV_194190,ASV_181515,0.9057375
ASV_54668,ASV_181331,0.967963041
ASV_111388,ASV_181331,0.722911088
ASV_148312,ASV_181116,0.860849898
ASV_44612,ASV_180623,0.85975528
ASV_26664,ASV_180623,0.422584367
ASV_78480,ASV_180600,0.96068748
ASV_69452,ASV_180600,0.930372177
ASV_4666,ASV_180600,0.993375906
ASV_221622,ASV_180600,0.875074981
ASV_210124,ASV_180600,0.931067979
ASV_145776,ASV_180600,0.92313987
ASV_119360,ASV_180600,0.727419725
ASV_85659,ASV_180452,0.919596044
ASV_78480,ASV_180452,0.8664047
ASV_75478,ASV_180452,0.33945192
ASV_4666,ASV_180452,0.914904449
ASV_210124,ASV_180452,0.861795623
ASV_196244,ASV_180452,0.917752144
ASV_166672,ASV_180452,0.94473445
ASV_8399,ASV_180382,0.917111193
ASV_200240,ASV_180382,0.90917745
ASV_252279,ASV_17955,0.8874995
ASV_84421,ASV_179425,0.960314004
ASV_206331,ASV_179425,0.908238644
ASV_227839,ASV_17935,0.770771077
ASV_213517,ASV_17935,0.948293357
ASV_203094,ASV_17935,0.64590336
ASV_196414,ASV_17935,0.988456636
ASV_187146,ASV_17935,0.000498082
ASV_182560,ASV_17935,0.92451324
ASV_171410,ASV_17935,0.415335283
ASV_154458,ASV_17935,0.519186269
ASV_13437,ASV_17935,0.744268764
ASV_190052,ASV_179333,0.884430295
ASV_16470,ASV_179333,0.941658707
ASV_93109,ASV_179170,0.928252465
ASV_54668,ASV_179170,0.394209563
ASV_54044,ASV_179170,0.810912851
ASV_41858,ASV_179170,0.308716592
ASV_181331,ASV_179170,0.937373986
ASV_177177,ASV_179170,0.367935605
ASV_111388,ASV_179170,0.979651269
ASV_109497,ASV_179170,0.869697669
ASV_7008,ASV_179074,0.824850656
ASV_58901,ASV_179074,0.9383415
ASV_15999,ASV_179074,0.745031078
ASV_101209,ASV_179074,0.881040865
ASV_202127,ASV_177177,0.62151494
ASV_111388,ASV_177177,0.984333103
ASV_237990,ASV_177022,0.888357048
ASV_26825,ASV_176607,0.957668587
ASV_166672,ASV_176607,0.83614605
ASV_6596,ASV_176147,0.606419364
ASV_48280,ASV_176147,0.812084215
ASV_189426,ASV_176147,0.981869439
ASV_185153,ASV_17589,0.856266597
ASV_41656,ASV_175701,0.8878885
ASV_229639,ASV_175701,0.910651546
ASV_189426,ASV_175701,0.832261937
ASV_125228,ASV_175701,0.840650179
ASV_99210,ASV_17484,0.857530352
ASV_2876,ASV_17484,0.877138
ASV_114788,ASV_17484,0.863872569
ASV_8399,ASV_174732,0.070747002
ASV_250980,ASV_174732,0.491247898
ASV_200240,ASV_174732,0.596900389
ASV_180382,ASV_174732,0.936642303
ASV_206167,ASV_173802,0.899947219
ASV_125228,ASV_173777,0.9102785
ASV_87576,ASV_173439,0.711393734
ASV_168204,ASV_172716,0.909739
ASV_53475,ASV_172576,0.868512892
ASV_25769,ASV_172576,0.895420594
ASV_218293,ASV_172576,0.935029759
ASV_81263,ASV_17246,0.847615618
ASV_44061,ASV_17246,0.836202955
ASV_13898,ASV_17246,0.862954364
ASV_233136,ASV_172455,0.958610179
ASV_62396,ASV_171920,0.756714542
ASV_99896,ASV_171410,0.826459782
ASV_84095,ASV_171410,0.892553792
ASV_48123,ASV_171410,0.945539496
ASV_251811,ASV_171410,0.676775255
ASV_225252,ASV_171410,0.792859604
ASV_203094,ASV_171410,0.000018257
ASV_121822,ASV_171410,0.790614222
ASV_74969,ASV_171394,0.874108451
ASV_44612,ASV_170913,0.879902007
ASV_26664,ASV_170913,0.286890167
ASV_54066,ASV_1706,0.769624909
ASV_44329,ASV_1706,0.920584249
ASV_122271,ASV_1706,0.950090494
ASV_48123,ASV_170245,0.556986832
ASV_227839,ASV_170245,0.948250378
ASV_196414,ASV_170245,0.953104603
ASV_17935,ASV_170245,0.823616635
ASV_155423,ASV_170245,0.568456004
ASV_154668,ASV_170245,0.960930281
ASV_154458,ASV_170245,0.566209336
ASV_137991,ASV_170245,0.959497603
ASV_13437,ASV_170245,0.943035991
ASV_121822,ASV_170245,0.97658591
ASV_119411,ASV_170245,0.000000271
ASV_22229,ASV_168515,0.9012555
ASV_168903,ASV_168204,0.8891675
ASV_102537,ASV_167653,0.800899699
ASV_35675,ASV_167651,0.722985884
ASV_33592,ASV_167651,0.991864298
ASV_1348,ASV_167651,0.867982978
ASV_74421,ASV_167554,0.953161036
ASV_53178,ASV_16717,0.89047971
ASV_185979,ASV_16717,0.833951327
ASV_156108,ASV_166823,0.766451545
ASV_153791,ASV_166823,0.9058215
ASV_42809,ASV_166672,0.852733177
ASV_26825,ASV_166672,0.747742557
ASV_199464,ASV_166672,0.137098519
ASV_70106,ASV_165201,0.949502053
ASV_32815,ASV_165201,0.884730712
ASV_2271,ASV_165201,0.928799916
ASV_205182,ASV_165201,0.220422469
ASV_154218,ASV_165201,0.876354942
ASV_85659,ASV_16388,0.78858454
ASV_237118,ASV_16388,0.833218621
ASV_230112,ASV_16388,0.963153122
ASV_221622,ASV_16388,0.973641923
ASV_173481,ASV_16388,0.812946412
ASV_153766,ASV_16388,0.893594908
ASV_225181,ASV_16348,0.921161625
ASV_106022,ASV_163400,0.958349584
ASV_48123,ASV_163361,0.950154461
ASV_227839,ASV_163361,0.995203843
ASV_203094,ASV_163361,0.237099244
ASV_137991,ASV_163361,0.980192316
ASV_197597,ASV_162789,0.882513066
ASV_114638,ASV_16254,0.866857247
ASV_42096,ASV_162393,0.774473637
ASV_199086,ASV_162393,0.89928509
ASV_161890,ASV_162393,0.965633696
ASV_85414,ASV_162028,0.690611183
ASV_186275,ASV_162028,0.892461109
ASV_42075,ASV_161890,0.887645
ASV_8399,ASV_161793,0.96292978
ASV_54817,ASV_161793,0.86406539
ASV_200240,ASV_161793,0.778286195
ASV_180382,ASV_161793,0.944112993
ASV_237990,ASV_161405,0.74143517
ASV_177022,ASV_161405,0.960781183
ASV_227839,ASV_16135,0.368036029
ASV_203094,ASV_16135,0.000026686
ASV_154458,ASV_16135,0.837766987
ASV_137991,ASV_16135,0.672075361
ASV_214026,ASV_161194,0.897753
ASV_17955,ASV_161194,0.8793195
ASV_49605,ASV_160863,0.920141005
ASV_114638,ASV_160863,0.918985
ASV_224411,ASV_160622,0.603089953
ASV_209932,ASV_160622,0.917186261
ASV_20316,ASV_160622,0.970342982
ASV_236501,ASV_160351,0.986459175
ASV_221566,ASV_160314,0.725393701
ASV_163400,ASV_160314,0.950220253
ASV_12715,ASV_160314,0.878078
ASV_101209,ASV_15999,0.985095768
ASV_4174,ASV_159279,0.929697774
ASV_213517,ASV_157127,0.089856267
ASV_203094,ASV_157127,0.909683775
ASV_163361,ASV_157127,0.631859902
ASV_154458,ASV_157127,0.954437691
ASV_137991,ASV_157127,0.386877578
ASV_102537,ASV_156108,0.8791415
ASV_74489,ASV_155810,0.062069183
ASV_8126,ASV_155423,0.91836294
ASV_227839,ASV_155423,0.864943841
ASV_203094,ASV_155423,0.630573023
ASV_157127,ASV_155423,0.772371171
ASV_154668,ASV_155423,0.889995514
ASV_137991,ASV_155423,0.033183169
ASV_86135,ASV_154962,0.898315853
ASV_197728,ASV_154962,0.472337159
ASV_16135,ASV_154962,0.806740754
ASV_47948,ASV_154668,0.848800134
ASV_227839,ASV_154668,0.760915699
ASV_163361,ASV_154668,0.446366709
ASV_127515,ASV_154668,0.938066196
ASV_121822,ASV_154668,0.933439202
ASV_119411,ASV_154668,0.097541974
ASV_7008,ASV_154366,0.836708305
ASV_192395,ASV_154366,0.940728022
ASV_251585,ASV_154365,0.712646693
ASV_187146,ASV_154365,0.570331366
ASV_185153,ASV_154365,0.893285644
ASV_47948,ASV_153791,0.852100635
ASV_59435,ASV_153766,0.827664481
ASV_41112,ASV_153766,0.719606486
ASV_173481,ASV_153766,0.970840846
ASV_85659,ASV_153490,0.87773847
ASV_221622,ASV_153490,0.927610404
ASV_143551,ASV_153490,0.570597292
ASV_122539,ASV_153490,0.89982
ASV_93757,ASV_153339,0.771889525
ASV_221622,ASV_153339,0.46645688
ASV_166672,ASV_153339,0.927164605
ASV_39548,ASV_152270,0.713218638
ASV_22229,ASV_152131,0.887324
ASV_63015,ASV_151663,0.704978698
ASV_30113,ASV_151663,0.803724634
ASV_22707,ASV_151663,0.795951128
ASV_89507,ASV_150986,0.521065213
ASV_79623,ASV_150986,0.919760905
ASV_54066,ASV_150986,0.851536767
ASV_41656,ASV_150986,0.800143126
ASV_229639,ASV_150986,0.772740319
ASV_194843,ASV_150986,0.717446696
ASV_101652,ASV_150986,0.818503177
ASV_86007,ASV_150642,0.783163572
ASV_209917,ASV_150642,0.121473158
ASV_196414,ASV_150642,0.703072999
ASV_121822,ASV_150642,0.960951794
ASV_112967,ASV_150642,0.014646267
ASV_29400,ASV_150109,0.939599478
ASV_197325,ASV_150109,0.956706152
ASV_16470,ASV_150109,0.918883195
ASV_173541,ASV_149877,0.838421899
ASV_143575,ASV_149877,0.012372101
ASV_94109,ASV_149848,0.849497247
ASV_56651,ASV_149848,0.759239561
ASV_99978,ASV_149764,0.281131506
ASV_97714,ASV_149764,0.30290866
ASV_66005,ASV_149764,0.856661556
ASV_18832,ASV_149764,0.899293671
ASV_145898,ASV_149764,0.785423181
ASV_86007,ASV_149186,0.53733384
ASV_31632,ASV_149186,0.884471
ASV_91593,ASV_148980,0.902862178
ASV_73820,ASV_148980,0.430582938
ASV_43784,ASV_148980,0.92648509
ASV_150885,ASV_148980,0.883533
ASV_250980,ASV_148312,0.93442789
ASV_174732,ASV_148312,0.91373708
ASV_51728,ASV_148110,0.8797645
ASV_39548,ASV_147862,0.943030568
ASV_204994,ASV_147862,0.934803161
ASV_230921,ASV_147311,0.887546411
ASV_224662,ASV_147311,0.825821458
ASV_221566,ASV_147311,0.757091969
ASV_133617,ASV_147311,0.843467546
ASV_124105,ASV_147311,0.943862443
ASV_245242,ASV_146535,0.99640682
ASV_252332,ASV_145787,0.834226165
ASV_238501,ASV_145787,0.691152179
ASV_238496,ASV_145787,0.856503238
ASV_13023,ASV_145787,0.904814754
ASV_221622,ASV_145776,0.917454767
ASV_153339,ASV_145776,0.960253322
ASV_73594,ASV_145268,0.937382889
ASV_229885,ASV_144624,0.952299404
ASV_210076,ASV_144605,0.956236361
ASV_64991,ASV_144081,0.910394084
ASV_48123,ASV_144081,0.298137184
ASV_40276,ASV_144081,0.056245385
ASV_229521,ASV_144081,0.982579899
ASV_203094,ASV_144081,0.942952233
ASV_163361,ASV_144081,0.590049909
ASV_154458,ASV_144081,0.820484395
ASV_140121,ASV_144081,0.965766481
ASV_137991,ASV_144081,0.91661133
ASV_117829,ASV_144081,0.003203921
ASV_93109,ASV_143855,0.321256139
ASV_54668,ASV_143855,0.666412054
ASV_167553,ASV_143855,0.884943858
ASV_66374,ASV_143843,0.818645423
ASV_54668,ASV_143843,0.749620793
ASV_221714,ASV_143843,0.933978737
ASV_143855,ASV_143843,0.673859793
ASV_6464,ASV_143636,0.752922396
ASV_2908,ASV_143636,0.953038598
ASV_167651,ASV_143636,0.502481918
ASV_12004,ASV_143636,0.069123155
ASV_173541,ASV_143575,0.833145226
ASV_221622,ASV_143551,0.908825202
ASV_51159,ASV_143061,0.969607788
ASV_238873,ASV_143061,0.961592949
ASV_122539,ASV_143061,0.928807401
ASV_36702,ASV_142924,0.933101608
ASV_96272,ASV_142836,0.856287871
ASV_206619,ASV_142836,0.990573247
ASV_177022,ASV_142836,0.8788855
ASV_42809,ASV_141802,0.8787375
ASV_91097,ASV_141636,0.906926
ASV_154218,ASV_141636,0.881444
ASV_133617,ASV_14131,0.675421434
ASV_92371,ASV_140121,0.83969016
ASV_31734,ASV_140121,0.905223043
ASV_229521,ASV_140121,0.985772298
ASV_163361,ASV_140121,0.566505003
ASV_117829,ASV_140121,0.873509111
ASV_22894,ASV_13965,0.885397848
ASV_197325,ASV_13965,0.925340874
ASV_223563,ASV_139506,0.727329257
ASV_221358,ASV_139506,0.96559
ASV_144605,ASV_139506,0.735803678
ASV_44061,ASV_13898,0.91646603
ASV_252279,ASV_13898,0.884256
ASV_93109,ASV_138823,0.287199365
ASV_32788,ASV_138823,0.930980484
ASV_241078,ASV_138823,0.732326562
ASV_199700,ASV_138823,0.000031514
ASV_89219,ASV_138650,0.881092
ASV_160863,ASV_138650,0.816088503
ASV_130121,ASV_138650,0.866722824
ASV_80392,ASV_138632,0.704877925
ASV_5564,ASV_138632,0.880904
ASV_23137,ASV_138632,0.914846
ASV_187700,ASV_138632,0.728399497
ASV_168501,ASV_138632,0.610651562
ASV_150885,ASV_138632,0.816756653
ASV_113162,ASV_138632,0.840845752
ASV_227839,ASV_137991,0.601637186
ASV_203094,ASV_137991,0.984346776
ASV_39728,ASV_137908,0.86878294
ASV_192395,ASV_137908,0.972548219
ASV_154366,ASV_137908,0.810473375
ASV_93109,ASV_136795,0.013285358
ASV_54668,ASV_136795,0.001189689
ASV_215550,ASV_136795,0.866254665
ASV_181331,ASV_136795,0.958680876
ASV_143855,ASV_136795,0.852144966
ASV_143843,ASV_136795,0.894284669
ASV_134680,ASV_136795,0.162520196
ASV_109497,ASV_136795,0.186755116
ASV_202192,ASV_136462,0.833475996
ASV_197594,ASV_136462,0.904475
ASV_166203,ASV_136462,0.846268049
ASV_45614,ASV_135651,0.432849882
ASV_221566,ASV_135651,0.943458244
ASV_160314,ASV_135651,0.805854979
ASV_106022,ASV_135651,0.66076111
ASV_74662,ASV_134812,0.854218625
ASV_20561,ASV_134812,0.856596168
ASV_83131,ASV_1348,0.760517281
ASV_214026,ASV_1348,0.744984764
ASV_145787,ASV_1348,0.899430566
ASV_66374,ASV_134680,0.426391116
ASV_240097,ASV_134680,0.631138543
ASV_22847,ASV_134680,0.96068616
ASV_215550,ASV_134680,0.126594981
ASV_41112,ASV_134663,0.742699722
ASV_2876,ASV_134485,0.417162193
ASV_227839,ASV_13437,0.279662513
ASV_213517,ASV_13437,0.990891947
ASV_203094,ASV_13437,0.926747866
ASV_187146,ASV_13437,0.150082293
ASV_157127,ASV_13437,0.947703943
ASV_154458,ASV_13437,0.061511073
ASV_6464,ASV_134342,0.840928738
ASV_35675,ASV_134342,0.882509647
ASV_167651,ASV_134342,0.979991291
ASV_143636,ASV_134342,0.97423386
ASV_1348,ASV_134342,0.611222553
ASV_115282,ASV_134342,0.923470535
ASV_113884,ASV_134342,0.866630764
ASV_32232,ASV_13402,0.861629773
ASV_22707,ASV_13402,0.820039911
ASV_83131,ASV_133859,0.901049278
ASV_68105,ASV_133859,0.88735532
ASV_40862,ASV_133859,0.660492641
ASV_192561,ASV_133859,0.844561994
ASV_63724,ASV_13382,0.8810865
ASV_199086,ASV_13382,0.896313034
ASV_114638,ASV_13382,0.940977571
ASV_49844,ASV_133617,0.902911269
ASV_45614,ASV_133617,0.585243732
ASV_171394,ASV_133617,0.927201559
ASV_42852,ASV_133259,0.905032086
ASV_185670,ASV_133259,0.9344193
ASV_241389,ASV_13218,0.911529939
ASV_197597,ASV_13218,0.659113194
ASV_12441,ASV_13218,0.956682
ASV_92371,ASV_13096,0.965349936
ASV_64991,ASV_13096,0.881092919
ASV_8101,ASV_1305,0.429649447
ASV_56651,ASV_1305,0.668540341
ASV_34796,ASV_1305,0.96791371
ASV_206717,ASV_1305,0.977488828
ASV_238401,ASV_13023,0.965791481
ASV_31734,ASV_129568,0.94993208
ASV_168903,ASV_129310,0.958380744
ASV_79623,ASV_128841,0.975995479
ASV_44329,ASV_128841,0.903618356
ASV_252279,ASV_128719,0.906733641
ASV_80122,ASV_127515,0.920461661
ASV_229521,ASV_127515,0.887562966
ASV_182560,ASV_127515,0.768081099
ASV_163361,ASV_127515,0.47431433
ASV_137991,ASV_127515,0.717261933
ASV_96454,ASV_127504,0.261937866
ASV_5690,ASV_127504,0.935041877
ASV_225181,ASV_127504,0.858725258
ASV_115282,ASV_127504,0.028061327
ASV_202127,ASV_127491,0.882631531
ASV_5832,ASV_12715,0.558536127
ASV_45614,ASV_12715,0.835669402
ASV_32788,ASV_12715,0.868922257
ASV_233692,ASV_12715,0.933513106
ASV_195213,ASV_12715,0.780391803
ASV_32788,ASV_126082,0.827389128
ASV_195213,ASV_126082,0.833509038
ASV_53195,ASV_125983,0.841396435
ASV_53178,ASV_125983,0.819534029
ASV_185979,ASV_125983,0.874235084
ASV_176028,ASV_125983,0.951642964
ASV_80942,ASV_125907,0.878590253
ASV_178618,ASV_125660,0.973941017
ASV_112686,ASV_125660,0.940963014
ASV_167334,ASV_124940,0.879335
ASV_170621,ASV_124727,0.981562818
ASV_200240,ASV_124455,0.819867244
ASV_112686,ASV_124455,0.872196473
ASV_180382,ASV_12441,0.913929634
ASV_74969,ASV_124105,0.944438055
ASV_34534,ASV_124105,0.882850962
ASV_32932,ASV_124105,0.752192133
ASV_249227,ASV_124105,0.89166934
ASV_230921,ASV_124105,0.733859383
ASV_205669,ASV_124105,0.873170849
ASV_17313,ASV_124105,0.894595021
ASV_8126,ASV_12294,0.909494552
ASV_41112,ASV_12294,0.972233302
ASV_213517,ASV_12294,0.783966438
ASV_134663,ASV_12294,0.76870334
ASV_13437,ASV_12294,0.790846419
ASV_97362,ASV_122407,0.948143699
ASV_35757,ASV_122407,0.835535803
ASV_191077,ASV_122407,0.773446448
ASV_127504,ASV_122407,0.92166438
ASV_115282,ASV_122407,0.843069472
ASV_4912,ASV_122305,0.26500537
ASV_173802,ASV_122305,0.927742923
ASV_54066,ASV_122271,0.975097268
ASV_229639,ASV_122271,0.937067434
ASV_203064,ASV_122271,0.946234384
ASV_225252,ASV_121822,0.87557057
ASV_213517,ASV_121822,0.952090673
ASV_163361,ASV_121822,0.313464195
ASV_154458,ASV_121822,0.522507612
ASV_137991,ASV_121822,0.961306207
ASV_119411,ASV_121822,0.968961154
ASV_74982,ASV_120833,0.850102375
ASV_6464,ASV_12004,0.951773787
ASV_168515,ASV_120,0.946659108
ASV_48123,ASV_119411,0.920500405
ASV_251811,ASV_119411,0.916459959
ASV_203094,ASV_119411,0.919527176
ASV_163361,ASV_119411,0.65936224
ASV_154458,ASV_119411,0.284265207
ASV_93757,ASV_119360,0.94464534
ASV_66005,ASV_119360,0.926972
ASV_52273,ASV_119360,0.648021083
ASV_4666,ASV_119360,0.78230319
ASV_221622,ASV_119360,0.918981273
ASV_180438,ASV_119360,0.862606257
ASV_145776,ASV_119360,0.9620366
ASV_122180,ASV_118634,0.9005925
ASV_69452,ASV_118514,0.937188477
ASV_230112,ASV_118514,0.992102469
ASV_221622,ASV_118514,0.834164897
ASV_57249,ASV_118050,0.961178297
ASV_48123,ASV_117829,0.364734263
ASV_227839,ASV_117829,0.297373767
ASV_213517,ASV_117829,0.929460026
ASV_163361,ASV_117829,0.853388854
ASV_157127,ASV_117829,0.591024142
ASV_154458,ASV_117829,0.024539617
ASV_8048,ASV_117053,0.874562
ASV_19047,ASV_117053,0.8833045
ASV_196640,ASV_116464,0.846223222
ASV_129568,ASV_115847,0.976938763
ASV_79326,ASV_11545,0.865897598
ASV_26323,ASV_11545,0.62001684
ASV_38259,ASV_115113,0.902521059
ASV_36168,ASV_115113,0.959406106
ASV_114789,ASV_115113,0.98190981
ASV_248800,ASV_11493,0.9237285
ASV_177863,ASV_11493,0.398116447
ASV_157804,ASV_114789,0.884781681
ASV_51728,ASV_114788,0.802757129
ASV_44397,ASV_114704,0.813561179
ASV_34036,ASV_114704,0.924099572
ASV_205669,ASV_114704,0.922544125
ASV_40168,ASV_114001,0.884584552
ASV_201227,ASV_114001,0.811042854
ASV_200172,ASV_114001,0.884282599
ASV_6464,ASV_113884,0.745999559
ASV_214026,ASV_113884,0.972653641
ASV_148312,ASV_113884,0.862389317
ASV_115282,ASV_113884,0.868413695
ASV_93109,ASV_113716,0.889041134
ASV_89507,ASV_113716,0.944399939
ASV_23137,ASV_113716,0.896879797
ASV_199700,ASV_113716,0.671135275
ASV_138823,ASV_113716,0.90103873
ASV_150885,ASV_113162,0.834380351
ASV_227839,ASV_113003,0.820986025
ASV_222502,ASV_113003,0.738562273
ASV_213517,ASV_113003,0.708740415
ASV_196414,ASV_113003,0.950418507
ASV_171410,ASV_113003,0.937386871
ASV_170245,ASV_113003,0.982714391
ASV_163361,ASV_113003,0.769908608
ASV_154458,ASV_113003,0.902690403
ASV_150642,ASV_113003,0.578612373
ASV_119411,ASV_113003,0.953758718
ASV_142924,ASV_112967,0.841169285
ASV_114788,ASV_112967,0.667201105
ASV_178618,ASV_112686,0.967011237
ASV_227839,ASV_112158,0.974307923
ASV_170245,ASV_112158,0.779499951
ASV_16135,ASV_112158,0.979853118
ASV_157127,ASV_112158,0.209286599
ASV_155423,ASV_112158,0.982330837
ASV_154668,ASV_112158,0.986504864
ASV_154458,ASV_112158,0.954697405
ASV_137991,ASV_112158,0.735188054
ASV_127515,ASV_112158,0.146983787
ASV_66374,ASV_11139,0.936598396
ASV_203064,ASV_11139,0.849403385
ASV_194843,ASV_11139,0.942392227
ASV_136795,ASV_11139,0.895699506
ASV_202127,ASV_111388,0.183536672
ASV_173541,ASV_110298,0.869889736
ASV_167334,ASV_110298,0.951568534
ASV_84095,ASV_109746,0.507252354
ASV_61366,ASV_109746,0.032933617
ASV_48123,ASV_109746,0.821297814
ASV_4197,ASV_109746,0.946003596
ASV_40276,ASV_109746,0.715294443
ASV_31734,ASV_109746,0.000896173
ASV_251585,ASV_109746,0.862481026
ASV_213517,ASV_109746,0.927142618
ASV_203094,ASV_109746,0.978208265
ASV_196414,ASV_109746,0.000058447
ASV_183808,ASV_109746,0.345900633
ASV_170245,ASV_109746,0.024652175
ASV_16135,ASV_109746,0.818063651
ASV_144081,ASV_109746,0.218513949
ASV_140121,ASV_109746,0.773885146
ASV_137991,ASV_109746,0.979971221
ASV_13437,ASV_109746,0.938165358
ASV_121822,ASV_109746,0.094027385
ASV_117829,ASV_109746,0.983956964
ASV_113003,ASV_109746,0.378190318
ASV_112158,ASV_109746,0.018820035
ASV_7432,ASV_109686,0.913202314
ASV_17955,ASV_109686,0.9119555
ASV_123691,ASV_109686,0.889412204
ASV_54668,ASV_109497,0.704697351
ASV_28053,ASV_109497,0.985517527
ASV_143843,ASV_109497,0.988768504
ASV_28912,ASV_108833,0.954364126
ASV_250071,ASV_108833,0.856016064
ASV_146535,ASV_108833,0.970779621
ASV_77301,ASV_105307,0.964223823
ASV_232519,ASV_104963,0.855352343
ASV_129568,ASV_104963,0.864043588
ASV_117829,ASV_104963,0.571424938
ASV_72528,ASV_104780,0.8094927
ASV_4174,ASV_104780,0.920064808
ASV_21829,ASV_104780,0.885390178
ASV_159279,ASV_104780,0.282405103
ASV_93649,ASV_10470,0.896522199
ASV_214896,ASV_10470,0.236201707
ASV_118050,ASV_10470,0.8850025
ASV_9304,ASV_103697,0.892505374
ASV_86135,ASV_103697,0.628463449
ASV_4197,ASV_103697,0.46648556
ASV_40276,ASV_103697,0.969166593
ASV_31734,ASV_103697,0.803164518
ASV_237990,ASV_103697,0.536748818
ASV_227839,ASV_103697,0.348206237
ASV_203094,ASV_103697,0.628833445
ASV_197728,ASV_103697,0.731273254
ASV_16135,ASV_103697,0.334241062
ASV_154458,ASV_103697,0.906542302
ASV_13437,ASV_103697,0.926809907
ASV_117829,ASV_103697,0.321531891
ASV_109746,ASV_103697,0.295355054
ASV_206331,ASV_103475,0.935382056
ASV_13402,ASV_103475,0.984503032
ASV_193579,ASV_102981,0.344105883
ASV_169499,ASV_102981,0.912723135
ASV_4825,ASV_10139,0.79358431
ASV_173439,ASV_10139,0.8767675
ASV_100462,ASV_10139,0.814256801
ASV_7008,ASV_101209,0.873724894
